epoch,time,train/box_loss,train/cls_loss,train/dfl_loss,train/mixture_aux_loss,metrics/precision(B),metrics/recall(B),metrics/mAP50(B),metrics/mAP50-95(B),val/box_loss,val/cls_loss,val/dfl_loss,val/mixture_aux_loss,lr/pg0,lr/pg1,lr/pg2,lr/pg3,lr/pg4,lr/pg5,lr/pg6,lr/pg7,lr/pg8,lr/pg9,lr/pg10,lr/pg11
1,779.547,5.68526,6.45168,4.32095,1.08973,0.00019,0.00014,1e-05,0,5.78396,2151.93,11.364,0,0.00999382,0.00333127,0.00999382,0.00333127,0.00999382,0.00333127,0.00999382,0.00333127,0.00499691,0.00166564,0.0199876,0.00666255
2,1180.38,4.30595,4.35189,2.94823,0.99525,0.0153,0.04131,0.00196,0.00047,3.70641,37.2476,2.77512,0,0.0199889,0.00666298,0.0199889,0.00666298,0.0199889,0.00666298,0.0199889,0.00666298,0.00999447,0.00333149,0.0399779,0.013326
3,1557.61,2.77056,2.53269,1.4669,0.99929,0.04953,0.07785,0.0175,0.00552,2.99004,13.0506,1.55133,0,0.0299645,0.00998817,0.0299645,0.00998817,0.0299645,0.00998817,0.0299645,0.00998817,0.0149823,0.00499409,0.059929,0.0199763
4,2008.56,2.3881,2.14998,1.27459,0.99882,0.05347,0.05679,0.0169,0.00623,2.94513,7.43585,1.55347,0,0.0299341,0.00997803,0.0299341,0.00997803,0.0299341,0.00997803,0.0299341,0.00997803,0.014967,0.00498902,0.0598682,0.0199561
5,2468.41,2.20699,1.94577,1.18613,0.99894,0.0112,0.04516,0.00271,0.00084,3.66735,3.9656,1.71616,0,0.0298829,0.00996097,0.0298829,0.00996097,0.0298829,0.00996097,0.0298829,0.00996097,0.0149415,0.00498048,0.0597658,0.0199219
6,2912.41,2.13002,1.85938,1.1581,1.00327,0.03541,0.0589,0.01444,0.00619,2.83869,3.14939,1.45075,0,0.0298172,0.00993906,0.0298172,0.00993906,0.0298172,0.00993906,0.0298172,0.00993906,0.0149086,0.00496953,0.0596343,0.0198781
7,3372.73,2.03472,1.73136,1.11982,0.9999,0.14271,0.0484,0.00795,0.00322,2.90088,3.32808,1.55126,0,0.029737,0.00991232,0.029737,0.00991232,0.029737,0.00991232,0.029737,0.00991232,0.0148685,0.00495616,0.0594739,0.0198246
8,3813.69,1.97119,1.66315,1.09519,0.99997,0.05594,0.05979,0.0141,0.00537,2.93108,3.30186,1.52348,0,0.0296424,0.00988079,0.0296424,0.00988079,0.0296424,0.00988079,0.0296424,0.00988079,0.0148212,0.00494039,0.0592847,0.0197616
9,4266.21,1.91958,1.59345,1.07698,0.99995,0.06512,0.05178,0.01235,0.00538,2.90755,3.37635,1.50046,0,0.0295335,0.00984449,0.0295335,0.00984449,0.0295335,0.00984449,0.0295335,0.00984449,0.0147667,0.00492224,0.0590669,0.019689
10,4709.92,1.89531,1.55373,1.06136,0.99999,0.15526,0.04721,0.01541,0.00702,2.82454,3.41811,1.48054,0,0.0294104,0.00980345,0.0294104,0.00980345,0.0294104,0.00980345,0.0294104,0.00980345,0.0147052,0.00490173,0.0588207,0.0196069
11,5159.8,1.8514,1.50709,1.05629,0.99998,0.08124,0.03388,0.01227,0.00534,2.92726,3.43105,1.53823,0,0.0292732,0.00975773,0.0292732,0.00975773,0.0292732,0.00975773,0.0292732,0.00975773,0.0146366,0.00487886,0.0585464,0.0195155
12,5605.27,1.83956,1.48427,1.04058,0.99997,0.08717,0.09738,0.03654,0.01685,2.51121,2.6434,1.26596,0,0.0291221,0.00970736,0.0291221,0.00970736,0.0291221,0.00970736,0.0291221,0.00970736,0.014561,0.00485368,0.0582442,0.0194147
13,6058.28,1.83498,1.46539,1.03676,1.00001,0.0771,0.06412,0.0196,0.00828,2.72612,3.06277,1.40125,0,0.0289572,0.00965239,0.0289572,0.00965239,0.0289572,0.00965239,0.0289572,0.00965239,0.0144786,0.0048262,0.0579144,0.0193048
14,6502.21,1.82601,1.4514,1.02569,0.99998,0.07322,0.0647,0.02175,0.01022,2.68318,3.08145,1.37626,0,0.0287787,0.00959289,0.0287787,0.00959289,0.0287787,0.00959289,0.0287787,0.00959289,0.0143893,0.00479644,0.0575573,0.0191858
15,6951.52,1.80965,1.44075,1.02032,0.99999,0.16762,0.07672,0.02234,0.00941,2.6682,3.11302,1.3621,0,0.0285867,0.00952889,0.0285867,0.00952889,0.0285867,0.00952889,0.0285867,0.00952889,0.0142933,0.00476445,0.0571734,0.0190578
16,7396.05,1.79573,1.42698,1.01322,1.00003,0.07451,0.07112,0.02714,0.0123,2.60828,2.93948,1.30763,0,0.0283814,0.00946048,0.0283814,0.00946048,0.0283814,0.00946048,0.0283814,0.00946048,0.0141907,0.00473024,0.0567629,0.018921
17,7845.7,1.78321,1.4057,1.00533,0.99998,0.06921,0.05538,0.01923,0.00872,2.65587,3.17641,1.35299,0,0.0281632,0.00938772,0.0281632,0.00938772,0.0281632,0.00938772,0.0281632,0.00938772,0.0140816,0.00469386,0.0563263,0.0187754
18,8290.85,1.76153,1.3861,1.00246,0.99995,0.09663,0.09049,0.04077,0.01818,2.44541,2.60276,1.22718,0,0.027932,0.00931067,0.027932,0.00931067,0.027932,0.00931067,0.027932,0.00931067,0.013966,0.00465534,0.055864,0.0186213
19,8733.79,1.76088,1.37888,0.99808,1.00003,0.06841,0.07649,0.01912,0.00795,2.73457,3.13022,1.35749,0,0.0276883,0.00922942,0.0276883,0.00922942,0.0276883,0.00922942,0.0276883,0.00922942,0.0138441,0.00461471,0.0553765,0.0184588
20,9168.89,1.74407,1.36163,0.99451,1,0.19673,0.04244,0.02091,0.00923,2.75973,2.98854,1.31705,0,0.0274321,0.00914405,0.0274321,0.00914405,0.0274321,0.00914405,0.0274321,0.00914405,0.0137161,0.00457202,0.0548643,0.0182881
21,9615.58,1.73159,1.34193,0.98701,0.99998,0.05688,0.05239,0.01093,0.00386,3.0377,3.23964,1.42177,0,0.0271639,0.00905463,0.0271639,0.00905463,0.0271639,0.00905463,0.0271639,0.00905463,0.013582,0.00452732,0.0543278,0.0181093
22,10063.7,1.71344,1.32867,0.98758,1.00005,0.07676,0.05941,0.0189,0.00781,2.77057,3.16353,1.35864,0,0.0268838,0.00896127,0.0268838,0.00896127,0.0268838,0.00896127,0.0268838,0.00896127,0.0134419,0.00448063,0.0537676,0.0179225
23,10508.1,1.7093,1.31776,0.98395,0.99998,0.09679,0.11476,0.04616,0.02098,2.35649,2.63938,1.1959,0,0.0265921,0.00886404,0.0265921,0.00886404,0.0265921,0.00886404,0.0265921,0.00886404,0.0132961,0.00443202,0.0531842,0.0177281
24,10955.6,1.69908,1.3103,0.98175,1.00001,0.08657,0.06616,0.02955,0.01295,2.58584,2.74775,1.25885,0,0.0262891,0.00876305,0.0262891,0.00876305,0.0262891,0.00876305,0.0262891,0.00876305,0.0131446,0.00438152,0.0525783,0.0175261
25,11402.8,1.68633,1.28904,0.97839,0.99997,0.2252,0.10449,0.04789,0.02015,2.41315,2.70019,1.1953,0,0.0259752,0.00865839,0.0259752,0.00865839,0.0259752,0.00865839,0.0259752,0.00865839,0.0129876,0.0043292,0.0519504,0.0173168
26,11833.2,1.69277,1.29851,0.97578,1.00001,0.12243,0.09112,0.04236,0.01785,2.46878,2.67226,1.20534,0,0.0256505,0.00855018,0.0256505,0.00855018,0.0256505,0.00855018,0.0256505,0.00855018,0.0128253,0.00427509,0.0513011,0.0171004
27,12228.9,1.68168,1.28132,0.97391,0.99997,0.08377,0.06584,0.02528,0.01083,2.71734,3.03998,1.33148,0,0.0253155,0.00843851,0.0253155,0.00843851,0.0253155,0.00843851,0.0253155,0.00843851,0.0126578,0.00421925,0.050631,0.016877
28,12612,1.66943,1.27456,0.96982,1.00003,0.1121,0.10353,0.03943,0.01618,2.49729,2.75599,1.22089,0,0.0249705,0.00832349,0.0249705,0.00832349,0.0249705,0.00832349,0.0249705,0.00832349,0.0124852,0.00416175,0.049941,0.016647
29,13009.4,1.66434,1.26243,0.96956,1,0.08837,0.08524,0.02524,0.00997,2.63982,2.86671,1.29691,0,0.0246157,0.00820525,0.0246157,0.00820525,0.0246157,0.00820525,0.0246157,0.00820525,0.0123079,0.00410262,0.0492315,0.0164105
30,13460,1.6615,1.26127,0.96654,0.99998,0.13224,0.08001,0.03641,0.01497,2.60191,2.73175,1.23362,0,0.0242517,0.00808389,0.0242517,0.00808389,0.0242517,0.00808389,0.0242517,0.00808389,0.0121258,0.00404194,0.0485033,0.0161678
31,13919.8,1.64522,1.24421,0.96299,0.99999,0.1454,0.1107,0.05034,0.02124,2.39421,2.73096,1.19174,0,0.0238786,0.00795954,0.0238786,0.00795954,0.0238786,0.00795954,0.0238786,0.00795954,0.0119393,0.00397977,0.0477572,0.0159191
32,14366.5,1.65113,1.2486,0.96673,1,0.18266,0.0854,0.04598,0.01971,2.47322,2.79323,1.21074,0,0.0234969,0.00783231,0.0234969,0.00783231,0.0234969,0.00783231,0.0234969,0.00783231,0.0117485,0.00391616,0.0469939,0.0156646
33,14814.7,1.64886,1.23826,0.96136,1.00002,0.09463,0.07315,0.03105,0.01272,2.5878,2.86695,1.25891,0,0.023107,0.00770234,0.023107,0.00770234,0.023107,0.00770234,0.023107,0.00770234,0.0115535,0.00385117,0.0462141,0.0154047
34,15261.6,1.64253,1.23654,0.95867,1.00001,0.12775,0.08983,0.0427,0.01778,2.5223,2.72121,1.24186,0,0.0227093,0.00756976,0.0227093,0.00756976,0.0227093,0.00756976,0.0227093,0.00756976,0.0113546,0.00378488,0.0454185,0.0151395
35,15709.2,1.64147,1.23399,0.96122,0.99997,0.09136,0.06665,0.02459,0.00982,2.7137,3.07563,1.30751,0,0.022304,0.00743468,0.022304,0.00743468,0.022304,0.00743468,0.022304,0.00743468,0.011152,0.00371734,0.0446081,0.0148694
36,16146.5,1.63348,1.22405,0.96039,1.00003,0.04527,0.11323,0.01519,0.0058,2.68124,3.22854,1.2908,0,0.0218918,0.00729725,0.0218918,0.00729725,0.0218918,0.00729725,0.0218918,0.00729725,0.0109459,0.00364863,0.0437835,0.0145945
37,16588.6,1.63357,1.22116,0.95741,1,0.08854,0.07356,0.02452,0.01025,2.67776,2.94126,1.32899,0,0.0214728,0.00715761,0.0214728,0.00715761,0.0214728,0.00715761,0.0214728,0.00715761,0.0107364,0.0035788,0.0429456,0.0143152
38,17030.8,1.62804,1.21261,0.95429,1.00001,0.08291,0.09998,0.03058,0.01269,2.66492,3.02244,1.26097,0,0.0210476,0.00701588,0.0210476,0.00701588,0.0210476,0.00701588,0.0210476,0.00701588,0.0105238,0.00350794,0.0420953,0.0140318
39,17475.8,1.61672,1.20247,0.95142,0.99995,0.1139,0.10115,0.04127,0.01716,2.46566,2.60017,1.2212,0,0.0206166,0.00687222,0.0206166,0.00687222,0.0206166,0.00687222,0.0206166,0.00687222,0.0103083,0.00343611,0.0412333,0.0137444
40,17869.7,1.61028,1.19552,0.95205,1.00001,0.09073,0.08754,0.03136,0.01316,2.57875,2.97907,1.27261,0,0.0201803,0.00672675,0.0201803,0.00672675,0.0201803,0.00672675,0.0201803,0.00672675,0.0100901,0.00336338,0.0403605,0.0134535
41,18285.4,1.60493,1.19336,0.95059,1,0.08129,0.07923,0.028,0.01209,2.64316,2.89684,1.29996,0,0.0197389,0.00657963,0.0197389,0.00657963,0.0197389,0.00657963,0.0197389,0.00657963,0.00986945,0.00328982,0.0394778,0.0131593
42,18682.6,1.60804,1.19034,0.94941,1.00003,0.09356,0.07516,0.02969,0.01288,2.63097,2.92402,1.29035,0,0.019293,0.00643101,0.019293,0.00643101,0.019293,0.00643101,0.019293,0.00643101,0.00964651,0.0032155,0.038586,0.012862
43,19123.1,1.60455,1.18555,0.94759,0.99997,0.08116,0.07709,0.02555,0.01062,2.66714,2.92086,1.2925,0,0.018843,0.00628101,0.018843,0.00628101,0.018843,0.00628101,0.018843,0.00628101,0.00942152,0.00314051,0.0376861,0.012562
44,19567.8,1.59022,1.17537,0.94921,1.00001,0.1169,0.08664,0.03848,0.01638,2.54852,2.74773,1.25373,0,0.0183894,0.00612981,0.0183894,0.00612981,0.0183894,0.00612981,0.0183894,0.00612981,0.00919471,0.0030649,0.0367789,0.0122596
45,20008.6,1.59352,1.17585,0.94632,1.00004,0.13935,0.1235,0.05345,0.02235,2.43585,2.5305,1.19653,0,0.0179326,0.00597754,0.0179326,0.00597754,0.0179326,0.00597754,0.0179326,0.00597754,0.00896631,0.00298877,0.0358652,0.0119551
46,20454.5,1.59416,1.17657,0.94568,0.99997,0.10858,0.0985,0.03918,0.01651,2.52672,2.81928,1.22681,0,0.0174731,0.00582435,0.0174731,0.00582435,0.0174731,0.00582435,0.0174731,0.00582435,0.00873653,0.00291218,0.0349461,0.0116487
47,20897.5,1.57434,1.1594,0.94492,0.99999,0.10273,0.07799,0.03268,0.01399,2.57474,2.78974,1.25584,0,0.0170112,0.0056704,0.0170112,0.0056704,0.0170112,0.0056704,0.0170112,0.0056704,0.0085056,0.0028352,0.0340224,0.0113408
48,21338.4,1.57323,1.15902,0.94041,1.00002,0.1146,0.08661,0.03634,0.01538,2.56303,2.74435,1.25011,0,0.0165475,0.00551584,0.0165475,0.00551584,0.0165475,0.00551584,0.0165475,0.00551584,0.00827375,0.00275792,0.033095,0.0110317
49,21782.5,1.58121,1.15924,0.94229,1.00001,0.10715,0.08893,0.03643,0.01518,2.50519,2.81472,1.22937,0,0.0160824,0.00536081,0.0160824,0.00536081,0.0160824,0.00536081,0.0160824,0.00536081,0.00804122,0.00268041,0.0321649,0.0107216
50,22224.6,1.57113,1.14792,0.94054,0.99997,0.10594,0.06805,0.02897,0.01241,2.58581,2.92896,1.29069,0,0.0156164,0.00520548,0.0156164,0.00520548,0.0156164,0.00520548,0.0156164,0.00520548,0.00780822,0.00260274,0.0312329,0.010411
51,22669.9,1.57385,1.15071,0.93701,1.00004,0.09519,0.08787,0.03386,0.01383,2.59973,2.83075,1.26107,0,0.01515,0.00505,0.01515,0.00505,0.01515,0.00505,0.01515,0.00505,0.007575,0.002525,0.0303,0.0101
52,23112.7,1.57093,1.14973,0.93968,0.99998,0.10476,0.11809,0.04464,0.01914,2.47532,2.68919,1.21412,0,0.0146836,0.00489452,0.0146836,0.00489452,0.0146836,0.00489452,0.0146836,0.00489452,0.00734178,0.00244726,0.0293671,0.00978903
53,23553.4,1.56593,1.14141,0.93798,1.00003,0.10355,0.06542,0.02733,0.01191,2.63921,2.95794,1.2688,0,0.0142176,0.00473919,0.0142176,0.00473919,0.0142176,0.00473919,0.0142176,0.00473919,0.00710878,0.00236959,0.0284351,0.00947837
54,23999.5,1.57047,1.14241,0.93888,0.99998,0.1266,0.0948,0.04211,0.01752,2.51403,2.74143,1.20673,0,0.0137525,0.00458416,0.0137525,0.00458416,0.0137525,0.00458416,0.0137525,0.00458416,0.00687625,0.00229208,0.027505,0.00916833
55,24444,1.55442,1.13465,0.93695,0.99999,0.09394,0.07483,0.02564,0.0105,2.73719,3.08929,1.27541,0,0.0132888,0.0044296,0.0132888,0.0044296,0.0132888,0.0044296,0.0132888,0.0044296,0.0066444,0.0022148,0.0265776,0.0088592
56,24897.9,1.55061,1.12307,0.93424,1.00002,0.08347,0.07583,0.02541,0.01025,2.78583,3.19682,1.29606,0,0.0128269,0.00427565,0.0128269,0.00427565,0.0128269,0.00427565,0.0128269,0.00427565,0.00641347,0.00213782,0.0256539,0.0085513
57,25340.8,1.54706,1.12139,0.93581,0.99997,0.12131,0.0846,0.03543,0.01496,2.66356,2.81509,1.25955,0,0.0123674,0.00412246,0.0123674,0.00412246,0.0123674,0.00412246,0.0123674,0.00412246,0.00618369,0.00206123,0.0247348,0.00824492
58,25786.4,1.54874,1.12328,0.93332,0.99999,0.10172,0.08435,0.03134,0.01283,2.69747,3.00769,1.27829,0,0.0119106,0.00397019,0.0119106,0.00397019,0.0119106,0.00397019,0.0119106,0.00397019,0.00595529,0.0019851,0.0238211,0.00794038
59,26231.3,1.53741,1.11352,0.93229,1.00002,0.12943,0.10188,0.04434,0.01898,2.52991,2.74119,1.23433,0,0.011457,0.00381899,0.011457,0.00381899,0.011457,0.00381899,0.011457,0.00381899,0.00572848,0.00190949,0.0229139,0.00763797
60,26677.2,1.54319,1.11628,0.93228,1.00002,0.09671,0.07919,0.02864,0.01185,2.67118,3.00914,1.2768,0,0.011007,0.00366899,0.011007,0.00366899,0.011007,0.00366899,0.011007,0.00366899,0.00550349,0.0018345,0.022014,0.00733799
61,27118.7,1.53588,1.10851,0.93099,1.00001,0.09348,0.06758,0.02481,0.01048,2.7397,3.19176,1.30371,0,0.0105611,0.00352037,0.0105611,0.00352037,0.0105611,0.00352037,0.0105611,0.00352037,0.00528055,0.00176018,0.0211222,0.00704073
62,27565.3,1.54547,1.11428,0.93139,0.99998,0.11394,0.0935,0.03365,0.01407,2.57585,2.85164,1.25109,0,0.0101197,0.00337325,0.0101197,0.00337325,0.0101197,0.00337325,0.0101197,0.00337325,0.00505987,0.00168662,0.0202395,0.00674649
63,28000.3,1.54479,1.10767,0.9327,0.99999,0.0973,0.09561,0.03191,0.01304,2.60544,2.96613,1.24158,0,0.00968335,0.00322778,0.00968335,0.00322778,0.00968335,0.00322778,0.00968335,0.00322778,0.00484168,0.00161389,0.0193667,0.00645557
64,28445.8,1.53441,1.10421,0.92736,0.99999,0.10285,0.09716,0.03564,0.01477,2.61533,2.97147,1.24282,0,0.00925235,0.00308412,0.00925235,0.00308412,0.00925235,0.00308412,0.00925235,0.00308412,0.00462618,0.00154206,0.0185047,0.00616824
65,28841.8,1.53094,1.10345,0.92976,1.00006,0.08705,0.06905,0.02097,0.00875,2.81368,3.29283,1.30765,0,0.00882718,0.00294239,0.00882718,0.00294239,0.00882718,0.00294239,0.00882718,0.00294239,0.00441359,0.0014712,0.0176544,0.00588479
66,29222.2,1.53555,1.10471,0.92673,0.99994,0.09903,0.09912,0.03544,0.01496,2.6057,2.95392,1.25628,0,0.00840824,0.00280275,0.00840824,0.00280275,0.00840824,0.00280275,0.00840824,0.00280275,0.00420412,0.00140137,0.0168165,0.00560549
67,29594.5,1.52718,1.09487,0.92756,1.00001,0.09995,0.09771,0.03458,0.01402,2.6315,2.9503,1.2622,0,0.00799596,0.00266532,0.00799596,0.00266532,0.00799596,0.00266532,0.00799596,0.00266532,0.00399798,0.00133266,0.0159919,0.00533064
68,728.734,1.50734,1.07512,0.92474,1,0.09981,0.09565,0.03384,0.01382,2.63625,2.96056,1.26425,0,0.00759073,0.00253024,0.00759073,0.00253024,0.00759073,0.00253024,0.00759073,0.00253024,0.00379537,0.00126512,0.0151815,0.00506049
69,1105.36,1.52262,1.08432,0.92534,1,0.09096,0.07268,0.0256,0.01089,2.72466,3.09083,1.30003,0,0.00719297,0.00239766,0.00719297,0.00239766,0.00719297,0.00239766,0.00719297,0.00239766,0.00359649,0.00119883,0.0143859,0.00479531
70,1541.64,1.51752,1.09009,0.92695,1.00001,0.10799,0.09179,0.03546,0.01476,2.63492,2.98308,1.25499,0,0.00680306,0.00226769,0.00680306,0.00226769,0.00680306,0.00226769,0.00680306,0.00226769,0.00340153,0.00113384,0.0136061,0.00453537
71,1988.92,1.51258,1.08276,0.92633,1,0.09034,0.07406,0.02751,0.01188,2.72551,3.20677,1.29666,0,0.00642139,0.00214046,0.00642139,0.00214046,0.00642139,0.00214046,0.00642139,0.00214046,0.00321069,0.00107023,0.0128428,0.00428093
72,2430.01,1.52284,1.08614,0.92519,0.99998,0.09137,0.08113,0.02982,0.01283,2.72135,3.14967,1.28231,0,0.00604833,0.00201611,0.00604833,0.00201611,0.00604833,0.00201611,0.00604833,0.00201611,0.00302417,0.00100806,0.0120967,0.00403222
73,2818.81,1.51289,1.08336,0.9242,1.00001,0.09577,0.09411,0.03546,0.01456,2.63164,2.96562,1.25874,0,0.00568425,0.00189475,0.00568425,0.00189475,0.00568425,0.00189475,0.00568425,0.00189475,0.00284213,0.000947376,0.0113685,0.0037895
74,3199.7,1.51241,1.0783,0.92493,1.00001,0.09809,0.08364,0.03071,0.01263,2.70183,3.11779,1.28053,0,0.00532952,0.00177651,0.00532952,0.00177651,0.00532952,0.00177651,0.00532952,0.00177651,0.00266476,0.000888253,0.010659,0.00355301
75,3571.2,1.51354,1.08025,0.92365,1.00001,0.08054,0.07283,0.02343,0.00986,2.81605,3.29448,1.31235,0,0.00498448,0.00166149,0.00498448,0.00166149,0.00498448,0.00166149,0.00498448,0.00166149,0.00249224,0.000830746,0.00996895,0.00332298
76,3989.48,1.50661,1.06924,0.92205,1,0.08858,0.07543,0.02707,0.01116,2.74334,3.22726,1.28932,0,0.00464946,0.00154982,0.00464946,0.00154982,0.00464946,0.00154982,0.00464946,0.00154982,0.00232473,0.000774911,0.00929893,0.00309964
77,4430.27,1.51185,1.07172,0.92041,0.99999,0.10242,0.08112,0.03055,0.01239,2.7165,3.17089,1.27558,0,0.00432482,0.00144161,0.00432482,0.00144161,0.00432482,0.00144161,0.00432482,0.00144161,0.00216241,0.000720803,0.00864963,0.00288321
78,4879.14,1.50099,1.06688,0.92309,1.00001,0.08363,0.07753,0.02693,0.01101,2.74976,3.29213,1.29567,0,0.00401085,0.00133695,0.00401085,0.00133695,0.00401085,0.00133695,0.00401085,0.00133695,0.00200543,0.000668475,0.0080217,0.0026739
79,5319.86,1.5083,1.06961,0.91892,1.00003,0.10652,0.08601,0.0322,0.01314,2.70657,3.17038,1.28084,0,0.00370788,0.00123596,0.00370788,0.00123596,0.00370788,0.00123596,0.00370788,0.00123596,0.00185394,0.00061798,0.00741576,0.00247192
80,5765.81,1.50875,1.06498,0.92069,0.99997,0.08512,0.07615,0.02506,0.00998,2.78095,3.29203,1.30348,0,0.0034162,0.00113873,0.0034162,0.00113873,0.0034162,0.00113873,0.0034162,0.00113873,0.0017081,0.000569366,0.0068324,0.00227747
81,6206.61,1.50411,1.06254,0.91777,0.99998,0.07928,0.07259,0.02374,0.0094,2.80671,3.32435,1.31218,0,0.0031361,0.00104537,0.0031361,0.00104537,0.0031361,0.00104537,0.0031361,0.00104537,0.00156805,0.000522683,0.0062722,0.00209073
82,6656.46,1.50155,1.06272,0.91972,1.00004,0.08726,0.06479,0.02151,0.00853,2.82416,3.38977,1.3207,0,0.00286785,0.000955951,0.00286785,0.000955951,0.00286785,0.000955951,0.00286785,0.000955951,0.00143393,0.000477976,0.00573571,0.0019119
83,7093.15,1.5004,1.05981,0.92018,1,0.08613,0.07019,0.02379,0.00947,2.83288,3.3733,1.31903,0,0.00261173,0.000870577,0.00261173,0.000870577,0.00261173,0.000870577,0.00261173,0.000870577,0.00130587,0.000435288,0.00522346,0.00174115
84,7535.16,1.49671,1.0551,0.91682,0.99999,0.08241,0.06906,0.02319,0.00911,2.82246,3.41584,1.31021,0,0.00236798,0.000789327,0.00236798,0.000789327,0.00236798,0.000789327,0.00236798,0.000789327,0.00118399,0.000394663,0.00473596,0.00157865
85,7975.62,1.49489,1.05447,0.91967,1,0.07811,0.07372,0.0233,0.00932,2.84261,3.3846,1.31158,0,0.00213685,0.000712282,0.00213685,0.000712282,0.00213685,0.000712282,0.00213685,0.000712282,0.00106842,0.000356141,0.00427369,0.00142456
86,8424.26,1.50167,1.05766,0.91968,1.00001,0.08411,0.07317,0.02378,0.00972,2.83233,3.34628,1.31128,0,0.00191855,0.000639518,0.00191855,0.000639518,0.00191855,0.000639518,0.00191855,0.000639518,0.000959277,0.000319759,0.00383711,0.00127904
87,8867.12,1.49318,1.0517,0.91884,0.99998,0.07752,0.07265,0.02294,0.00923,2.84288,3.34465,1.3105,0,0.00171332,0.000571106,0.00171332,0.000571106,0.00171332,0.000571106,0.00171332,0.000571106,0.000856659,0.000285553,0.00342664,0.00114221
88,9311.05,1.49357,1.05276,0.91602,1,0.08473,0.07861,0.02592,0.01038,2.83278,3.35036,1.30536,0,0.00152134,0.000507115,0.00152134,0.000507115,0.00152134,0.000507115,0.00152134,0.000507115,0.000760672,0.000253557,0.00304269,0.00101423
89,9756.81,1.48466,1.04644,0.91814,1.00003,0.08864,0.07679,0.02595,0.01028,2.82831,3.36541,1.30469,0,0.00134282,0.000447606,0.00134282,0.000447606,0.00134282,0.000447606,0.00134282,0.000447606,0.00067141,0.000223803,0.00268564,0.000895213
90,10204.9,1.48749,1.0449,0.91825,0.99997,0.08866,0.07888,0.02549,0.01025,2.80834,3.32203,1.30264,0,0.00117792,0.00039264,0.00117792,0.00039264,0.00117792,0.00039264,0.00117792,0.00039264,0.00058896,0.00019632,0.00235584,0.00078528
91,10658.4,1.4612,1.0315,0.92087,1.00002,0.06324,0.06904,0.01654,0.00635,2.8699,3.3668,1.32757,0,0.00102681,0.00034227,0.00102681,0.00034227,0.00102681,0.00034227,0.00102681,0.00034227,0.000513405,0.000171135,0.00205362,0.00068454
92,11120.1,1.45639,1.02307,0.91559,1.00002,0.04249,0.09468,0.01244,0.00483,2.88993,3.47203,1.34308,0,0.000889639,0.000296546,0.000889639,0.000296546,0.000889639,0.000296546,0.000889639,0.000296546,0.000444819,0.000148273,0.00177928,0.000593093
93,11546.1,1.45142,1.01478,0.9184,0.99999,0.0332,0.10517,0.01208,0.00463,2.90477,3.53347,1.35485,0,0.00076654,0.000255513,0.00076654,0.000255513,0.00076654,0.000255513,0.00076654,0.000255513,0.00038327,0.000127757,0.00153308,0.000511027
94,802.964,1.49229,1.05415,0.91948,1.00003,0.03337,0.10521,0.01214,0.00466,2.90289,3.53181,1.35407,0,0.000657636,0.000219212,0.000657636,0.000219212,0.000657636,0.000219212,0.000657636,0.000219212,0.000328818,0.000109606,0.00131527,0.000438424
95,1295.62,1.47962,1.03456,0.91387,1,0.05246,0.07314,0.0116,0.00453,2.89823,3.60433,1.33833,0,0.000563034,0.000187678,0.000563034,0.000187678,0.000563034,0.000187678,0.000563034,0.000187678,0.000281517,9.38391e-05,0.00112607,0.000375356
96,1754.89,1.47167,1.03536,0.91448,0.99997,0.07052,0.05943,0.01545,0.00619,2.92022,3.59903,1.34051,0,0.000482828,0.000160943,0.000482828,0.000160943,0.000482828,0.000160943,0.000482828,0.000160943,0.000241414,8.04714e-05,0.000965656,0.000321885
97,2175.58,1.46988,1.03098,0.91521,1.00001,0.06918,0.06818,0.01899,0.00773,2.88004,3.54702,1.32406,0,0.000417097,0.000139032,0.000417097,0.000139032,0.000417097,0.000139032,0.000417097,0.000139032,0.000208548,6.95161e-05,0.000834193,0.000278064
98,2595.96,1.48019,1.03608,0.91398,0.99997,0.07527,0.07146,0.02231,0.00894,2.84737,3.48447,1.31413,0,0.000365905,0.000121968,0.000365905,0.000121968,0.000365905,0.000121968,0.000365905,0.000121968,0.000182952,6.09841e-05,0.00073181,0.000243937
99,3015.81,1.47267,1.0355,0.91387,1.00003,0.07791,0.07132,0.02332,0.0094,2.84274,3.45634,1.31323,0,0.000329303,0.000109768,0.000329303,0.000109768,0.000329303,0.000109768,0.000329303,0.000109768,0.000164652,5.48838e-05,0.000658606,0.000219535
100,3489.54,1.47405,1.03331,0.9145,0.99999,0.08048,0.07266,0.02437,0.0098,2.83046,3.42629,1.31023,0,0.000307328,0.000102443,0.000307328,0.000102443,0.000307328,0.000102443,0.000307328,0.000102443,0.000153664,5.12213e-05,0.000614655,0.000204885
