DeformableTransformer_mean_weight,DeformableTransformer_top1_token_frac,LocalConvTransformer_mean_weight,LocalConvTransformer_top1_token_frac,WindowTransformer_mean_weight,WindowTransformer_top1_token_frac,density,image,module,object_count,occlusion,scale,shape,top_expert
0.0,0.0,0.5,1.0,0.5,0.0,dense,G:\Codes\Python\CFF\Yolo\datasets\VisDrone\images\val\0000001_02999_d_0000005.jpg,model.14.m.0,127,unknown,small,irregular,LocalConvTransformer
0.0,0.0,0.5,1.0,0.5,0.0,dense,G:\Codes\Python\CFF\Yolo\datasets\VisDrone\images\val\0000001_02999_d_0000005.jpg,model.14.m.1,127,unknown,small,irregular,LocalConvTransformer
0.0,0.0,0.5,1.0,0.5,0.0,dense,G:\Codes\Python\CFF\Yolo\datasets\VisDrone\images\val\0000001_02999_d_0000005.jpg,model.20.m.0,127,unknown,small,irregular,LocalConvTransformer
0.0,0.0,0.5,1.0,0.5,0.0,dense,G:\Codes\Python\CFF\Yolo\datasets\VisDrone\images\val\0000001_02999_d_0000005.jpg,model.20.m.1,127,unknown,small,irregular,LocalConvTransformer
0.0,0.0,0.5,1.0,0.5,0.0,dense,G:\Codes\Python\CFF\Yolo\datasets\VisDrone\images\val\0000001_02999_d_0000005.jpg,model.23.m.0,127,unknown,small,irregular,LocalConvTransformer
0.0,0.0,0.5,1.0,0.5,0.0,dense,G:\Codes\Python\CFF\Yolo\datasets\VisDrone\images\val\0000001_02999_d_0000005.jpg,model.23.m.1,127,unknown,small,irregular,LocalConvTransformer
0.0,0.0,0.5,1.0,0.5,0.0,dense,G:\Codes\Python\CFF\Yolo\datasets\VisDrone\images\val\0000001_03499_d_0000006.jpg,model.14.m.0,77,unknown,small,regular,LocalConvTransformer
0.0,0.0,0.5,1.0,0.5,0.0,dense,G:\Codes\Python\CFF\Yolo\datasets\VisDrone\images\val\0000001_03499_d_0000006.jpg,model.14.m.1,77,unknown,small,regular,LocalConvTransformer
0.0,0.0,0.5,1.0,0.5,0.0,dense,G:\Codes\Python\CFF\Yolo\datasets\VisDrone\images\val\0000001_03499_d_0000006.jpg,model.20.m.0,77,unknown,small,regular,LocalConvTransformer
0.0,0.0,0.5,1.0,0.5,0.0,dense,G:\Codes\Python\CFF\Yolo\datasets\VisDrone\images\val\0000001_03499_d_0000006.jpg,model.20.m.1,77,unknown,small,regular,LocalConvTransformer
0.0,0.0,0.5,1.0,0.5,0.0,dense,G:\Codes\Python\CFF\Yolo\datasets\VisDrone\images\val\0000001_03499_d_0000006.jpg,model.23.m.0,77,unknown,small,regular,LocalConvTransformer
0.0,0.0,0.5,1.0,0.5,0.0,dense,G:\Codes\Python\CFF\Yolo\datasets\VisDrone\images\val\0000001_03499_d_0000006.jpg,model.23.m.1,77,unknown,small,regular,LocalConvTransformer
0.0,0.0,0.5,1.0,0.5,0.0,dense,G:\Codes\Python\CFF\Yolo\datasets\VisDrone\images\val\0000001_03999_d_0000007.jpg,model.14.m.0,48,unknown,small,irregular,LocalConvTransformer
0.0,0.0,0.5,1.0,0.5,0.0,dense,G:\Codes\Python\CFF\Yolo\datasets\VisDrone\images\val\0000001_03999_d_0000007.jpg,model.14.m.1,48,unknown,small,irregular,LocalConvTransformer
0.0,0.0,0.5,1.0,0.5,0.0,dense,G:\Codes\Python\CFF\Yolo\datasets\VisDrone\images\val\0000001_03999_d_0000007.jpg,model.20.m.0,48,unknown,small,irregular,LocalConvTransformer
0.0,0.0,0.5,1.0,0.5,0.0,dense,G:\Codes\Python\CFF\Yolo\datasets\VisDrone\images\val\0000001_03999_d_0000007.jpg,model.20.m.1,48,unknown,small,irregular,LocalConvTransformer
0.0,0.0,0.5,1.0,0.5,0.0,dense,G:\Codes\Python\CFF\Yolo\datasets\VisDrone\images\val\0000001_03999_d_0000007.jpg,model.23.m.0,48,unknown,small,irregular,LocalConvTransformer
0.0,0.0,0.5,1.0,0.5,0.0,dense,G:\Codes\Python\CFF\Yolo\datasets\VisDrone\images\val\0000001_03999_d_0000007.jpg,model.23.m.1,48,unknown,small,irregular,LocalConvTransformer
0.0,0.0,0.5,1.0,0.5,0.0,dense,G:\Codes\Python\CFF\Yolo\datasets\VisDrone\images\val\0000001_04527_d_0000008.jpg,model.14.m.0,115,unknown,small,irregular,LocalConvTransformer
0.0,0.0,0.5,1.0,0.5,0.0,dense,G:\Codes\Python\CFF\Yolo\datasets\VisDrone\images\val\0000001_04527_d_0000008.jpg,model.14.m.1,115,unknown,small,irregular,LocalConvTransformer
0.0,0.0,0.5,1.0,0.5,0.0,dense,G:\Codes\Python\CFF\Yolo\datasets\VisDrone\images\val\0000001_04527_d_0000008.jpg,model.20.m.0,115,unknown,small,irregular,LocalConvTransformer
0.0,0.0,0.5,1.0,0.5,0.0,dense,G:\Codes\Python\CFF\Yolo\datasets\VisDrone\images\val\0000001_04527_d_0000008.jpg,model.20.m.1,115,unknown,small,irregular,LocalConvTransformer
0.0,0.0,0.5,1.0,0.5,0.0,dense,G:\Codes\Python\CFF\Yolo\datasets\VisDrone\images\val\0000001_04527_d_0000008.jpg,model.23.m.0,115,unknown,small,irregular,LocalConvTransformer
0.0,0.0,0.5,1.0,0.5,0.0,dense,G:\Codes\Python\CFF\Yolo\datasets\VisDrone\images\val\0000001_04527_d_0000008.jpg,model.23.m.1,115,unknown,small,irregular,LocalConvTransformer
0.0,0.0,0.5,1.0,0.5,0.0,dense,G:\Codes\Python\CFF\Yolo\datasets\VisDrone\images\val\0000001_05249_d_0000009.jpg,model.14.m.0,113,unknown,small,regular,LocalConvTransformer
0.0,0.0,0.5,1.0,0.5,0.0,dense,G:\Codes\Python\CFF\Yolo\datasets\VisDrone\images\val\0000001_05249_d_0000009.jpg,model.14.m.1,113,unknown,small,regular,LocalConvTransformer
0.0,0.0,0.5,1.0,0.5,0.0,dense,G:\Codes\Python\CFF\Yolo\datasets\VisDrone\images\val\0000001_05249_d_0000009.jpg,model.20.m.0,113,unknown,small,regular,LocalConvTransformer
0.0,0.0,0.5,1.0,0.5,0.0,dense,G:\Codes\Python\CFF\Yolo\datasets\VisDrone\images\val\0000001_05249_d_0000009.jpg,model.20.m.1,113,unknown,small,regular,LocalConvTransformer
0.0,0.0,0.5,1.0,0.5,0.0,dense,G:\Codes\Python\CFF\Yolo\datasets\VisDrone\images\val\0000001_05249_d_0000009.jpg,model.23.m.0,113,unknown,small,regular,LocalConvTransformer
0.0,0.0,0.5,1.0,0.5,0.0,dense,G:\Codes\Python\CFF\Yolo\datasets\VisDrone\images\val\0000001_05249_d_0000009.jpg,model.23.m.1,113,unknown,small,regular,LocalConvTransformer
0.0,0.0,0.5,1.0,0.5,0.0,dense,G:\Codes\Python\CFF\Yolo\datasets\VisDrone\images\val\0000001_05499_d_0000010.jpg,model.14.m.0,140,unknown,small,regular,LocalConvTransformer
0.0,0.0,0.5,1.0,0.5,0.0,dense,G:\Codes\Python\CFF\Yolo\datasets\VisDrone\images\val\0000001_05499_d_0000010.jpg,model.14.m.1,140,unknown,small,regular,LocalConvTransformer
0.0,0.0,0.5,1.0,0.5,0.0,dense,G:\Codes\Python\CFF\Yolo\datasets\VisDrone\images\val\0000001_05499_d_0000010.jpg,model.20.m.0,140,unknown,small,regular,LocalConvTransformer
0.0,0.0,0.5,1.0,0.5,0.0,dense,G:\Codes\Python\CFF\Yolo\datasets\VisDrone\images\val\0000001_05499_d_0000010.jpg,model.20.m.1,140,unknown,small,regular,LocalConvTransformer
0.0,0.0,0.5,1.0,0.5,0.0,dense,G:\Codes\Python\CFF\Yolo\datasets\VisDrone\images\val\0000001_05499_d_0000010.jpg,model.23.m.0,140,unknown,small,regular,LocalConvTransformer
0.0,0.0,0.5,1.0,0.5,0.0,dense,G:\Codes\Python\CFF\Yolo\datasets\VisDrone\images\val\0000001_05499_d_0000010.jpg,model.23.m.1,140,unknown,small,regular,LocalConvTransformer
0.0,0.0,0.5,1.0,0.5,0.0,dense,G:\Codes\Python\CFF\Yolo\datasets\VisDrone\images\val\0000001_05999_d_0000011.jpg,model.14.m.0,115,unknown,small,irregular,LocalConvTransformer
0.0,0.0,0.5,1.0,0.5,0.0,dense,G:\Codes\Python\CFF\Yolo\datasets\VisDrone\images\val\0000001_05999_d_0000011.jpg,model.14.m.1,115,unknown,small,irregular,LocalConvTransformer
0.0,0.0,0.5,1.0,0.5,0.0,dense,G:\Codes\Python\CFF\Yolo\datasets\VisDrone\images\val\0000001_05999_d_0000011.jpg,model.20.m.0,115,unknown,small,irregular,LocalConvTransformer
0.0,0.0,0.5,1.0,0.5,0.0,dense,G:\Codes\Python\CFF\Yolo\datasets\VisDrone\images\val\0000001_05999_d_0000011.jpg,model.20.m.1,115,unknown,small,irregular,LocalConvTransformer
0.0,0.0,0.5,1.0,0.5,0.0,dense,G:\Codes\Python\CFF\Yolo\datasets\VisDrone\images\val\0000001_05999_d_0000011.jpg,model.23.m.0,115,unknown,small,irregular,LocalConvTransformer
0.0,0.0,0.5,1.0,0.5,0.0,dense,G:\Codes\Python\CFF\Yolo\datasets\VisDrone\images\val\0000001_05999_d_0000011.jpg,model.23.m.1,115,unknown,small,irregular,LocalConvTransformer
0.0,0.0,0.5,1.0,0.5,0.0,dense,G:\Codes\Python\CFF\Yolo\datasets\VisDrone\images\val\0000001_07999_d_0000012.jpg,model.14.m.0,136,unknown,small,irregular,LocalConvTransformer
0.0,0.0,0.5,1.0,0.5,0.0,dense,G:\Codes\Python\CFF\Yolo\datasets\VisDrone\images\val\0000001_07999_d_0000012.jpg,model.14.m.1,136,unknown,small,irregular,LocalConvTransformer
0.0,0.0,0.5,1.0,0.5,0.0,dense,G:\Codes\Python\CFF\Yolo\datasets\VisDrone\images\val\0000001_07999_d_0000012.jpg,model.20.m.0,136,unknown,small,irregular,LocalConvTransformer
0.0,0.0,0.5,1.0,0.5,0.0,dense,G:\Codes\Python\CFF\Yolo\datasets\VisDrone\images\val\0000001_07999_d_0000012.jpg,model.20.m.1,136,unknown,small,irregular,LocalConvTransformer
0.0,0.0,0.5,1.0,0.5,0.0,dense,G:\Codes\Python\CFF\Yolo\datasets\VisDrone\images\val\0000001_07999_d_0000012.jpg,model.23.m.0,136,unknown,small,irregular,LocalConvTransformer
0.0,0.0,0.5,1.0,0.5,0.0,dense,G:\Codes\Python\CFF\Yolo\datasets\VisDrone\images\val\0000001_07999_d_0000012.jpg,model.23.m.1,136,unknown,small,irregular,LocalConvTransformer
0.0,0.0,0.5,1.0,0.5,0.0,dense,G:\Codes\Python\CFF\Yolo\datasets\VisDrone\images\val\0000001_08414_d_0000013.jpg,model.14.m.0,164,unknown,small,irregular,LocalConvTransformer
0.0,0.0,0.5,1.0,0.5,0.0,dense,G:\Codes\Python\CFF\Yolo\datasets\VisDrone\images\val\0000001_08414_d_0000013.jpg,model.14.m.1,164,unknown,small,irregular,LocalConvTransformer
0.0,0.0,0.5,1.0,0.5,0.0,dense,G:\Codes\Python\CFF\Yolo\datasets\VisDrone\images\val\0000001_08414_d_0000013.jpg,model.20.m.0,164,unknown,small,irregular,LocalConvTransformer
0.0,0.0,0.5,1.0,0.5,0.0,dense,G:\Codes\Python\CFF\Yolo\datasets\VisDrone\images\val\0000001_08414_d_0000013.jpg,model.20.m.1,164,unknown,small,irregular,LocalConvTransformer
0.0,0.0,0.5,1.0,0.5,0.0,dense,G:\Codes\Python\CFF\Yolo\datasets\VisDrone\images\val\0000001_08414_d_0000013.jpg,model.23.m.0,164,unknown,small,irregular,LocalConvTransformer
0.0,0.0,0.5,1.0,0.5,0.0,dense,G:\Codes\Python\CFF\Yolo\datasets\VisDrone\images\val\0000001_08414_d_0000013.jpg,model.23.m.1,164,unknown,small,irregular,LocalConvTransformer
0.0,0.0,0.5,1.0,0.5,0.0,dense,G:\Codes\Python\CFF\Yolo\datasets\VisDrone\images\val\0000021_00000_d_0000001.jpg,model.14.m.0,31,unknown,small,irregular,LocalConvTransformer
0.0,0.0,0.5,1.0,0.5,0.0,dense,G:\Codes\Python\CFF\Yolo\datasets\VisDrone\images\val\0000021_00000_d_0000001.jpg,model.14.m.1,31,unknown,small,irregular,LocalConvTransformer
0.0,0.0,0.5,1.0,0.5,0.0,dense,G:\Codes\Python\CFF\Yolo\datasets\VisDrone\images\val\0000021_00000_d_0000001.jpg,model.20.m.0,31,unknown,small,irregular,LocalConvTransformer
0.0,0.0,0.5,1.0,0.5,0.0,dense,G:\Codes\Python\CFF\Yolo\datasets\VisDrone\images\val\0000021_00000_d_0000001.jpg,model.20.m.1,31,unknown,small,irregular,LocalConvTransformer
0.0,0.0,0.5,1.0,0.5,0.0,dense,G:\Codes\Python\CFF\Yolo\datasets\VisDrone\images\val\0000021_00000_d_0000001.jpg,model.23.m.0,31,unknown,small,irregular,LocalConvTransformer
0.0,0.0,0.5,1.0,0.5,0.0,dense,G:\Codes\Python\CFF\Yolo\datasets\VisDrone\images\val\0000021_00000_d_0000001.jpg,model.23.m.1,31,unknown,small,irregular,LocalConvTransformer
0.0,0.0,0.5,1.0,0.5,0.0,medium,G:\Codes\Python\CFF\Yolo\datasets\VisDrone\images\val\0000021_00500_d_0000002.jpg,model.14.m.0,17,unknown,small,irregular,LocalConvTransformer
0.0,0.0,0.5,1.0,0.5,0.0,medium,G:\Codes\Python\CFF\Yolo\datasets\VisDrone\images\val\0000021_00500_d_0000002.jpg,model.14.m.1,17,unknown,small,irregular,LocalConvTransformer
0.0,0.0,0.5,1.0,0.5,0.0,medium,G:\Codes\Python\CFF\Yolo\datasets\VisDrone\images\val\0000021_00500_d_0000002.jpg,model.20.m.0,17,unknown,small,irregular,LocalConvTransformer
0.0,0.0,0.5,1.0,0.5,0.0,medium,G:\Codes\Python\CFF\Yolo\datasets\VisDrone\images\val\0000021_00500_d_0000002.jpg,model.20.m.1,17,unknown,small,irregular,LocalConvTransformer
0.0,0.0,0.5,1.0,0.5,0.0,medium,G:\Codes\Python\CFF\Yolo\datasets\VisDrone\images\val\0000021_00500_d_0000002.jpg,model.23.m.0,17,unknown,small,irregular,LocalConvTransformer
0.0,0.0,0.5,1.0,0.5,0.0,medium,G:\Codes\Python\CFF\Yolo\datasets\VisDrone\images\val\0000021_00500_d_0000002.jpg,model.23.m.1,17,unknown,small,irregular,LocalConvTransformer
0.0,0.0,0.5,1.0,0.5,0.0,medium,G:\Codes\Python\CFF\Yolo\datasets\VisDrone\images\val\0000021_00800_d_0000003.jpg,model.14.m.0,7,unknown,small,irregular,LocalConvTransformer
0.0,0.0,0.5,1.0,0.5,0.0,medium,G:\Codes\Python\CFF\Yolo\datasets\VisDrone\images\val\0000021_00800_d_0000003.jpg,model.14.m.1,7,unknown,small,irregular,LocalConvTransformer
0.0,0.0,0.5,1.0,0.5,0.0,medium,G:\Codes\Python\CFF\Yolo\datasets\VisDrone\images\val\0000021_00800_d_0000003.jpg,model.20.m.0,7,unknown,small,irregular,LocalConvTransformer
0.0,0.0,0.5,1.0,0.5,0.0,medium,G:\Codes\Python\CFF\Yolo\datasets\VisDrone\images\val\0000021_00800_d_0000003.jpg,model.20.m.1,7,unknown,small,irregular,LocalConvTransformer
0.0,0.0,0.5,1.0,0.5,0.0,medium,G:\Codes\Python\CFF\Yolo\datasets\VisDrone\images\val\0000021_00800_d_0000003.jpg,model.23.m.0,7,unknown,small,irregular,LocalConvTransformer
0.0,0.0,0.5,1.0,0.5,0.0,medium,G:\Codes\Python\CFF\Yolo\datasets\VisDrone\images\val\0000021_00800_d_0000003.jpg,model.23.m.1,7,unknown,small,irregular,LocalConvTransformer
0.0,0.0,0.5,1.0,0.5,0.0,dense,G:\Codes\Python\CFF\Yolo\datasets\VisDrone\images\val\0000022_00000_d_0000004.jpg,model.14.m.0,41,unknown,small,irregular,LocalConvTransformer
0.0,0.0,0.5,1.0,0.5,0.0,dense,G:\Codes\Python\CFF\Yolo\datasets\VisDrone\images\val\0000022_00000_d_0000004.jpg,model.14.m.1,41,unknown,small,irregular,LocalConvTransformer
0.0,0.0,0.5,1.0,0.5,0.0,dense,G:\Codes\Python\CFF\Yolo\datasets\VisDrone\images\val\0000022_00000_d_0000004.jpg,model.20.m.0,41,unknown,small,irregular,LocalConvTransformer
0.0,0.0,0.5,1.0,0.5,0.0,dense,G:\Codes\Python\CFF\Yolo\datasets\VisDrone\images\val\0000022_00000_d_0000004.jpg,model.20.m.1,41,unknown,small,irregular,LocalConvTransformer
0.0,0.0,0.5,1.0,0.5,0.0,dense,G:\Codes\Python\CFF\Yolo\datasets\VisDrone\images\val\0000022_00000_d_0000004.jpg,model.23.m.0,41,unknown,small,irregular,LocalConvTransformer
0.0,0.0,0.5,1.0,0.5,0.0,dense,G:\Codes\Python\CFF\Yolo\datasets\VisDrone\images\val\0000022_00000_d_0000004.jpg,model.23.m.1,41,unknown,small,irregular,LocalConvTransformer
0.0,0.0,0.5,1.0,0.5,0.0,dense,G:\Codes\Python\CFF\Yolo\datasets\VisDrone\images\val\0000022_00500_d_0000005.jpg,model.14.m.0,32,unknown,small,irregular,LocalConvTransformer
0.0,0.0,0.5,1.0,0.5,0.0,dense,G:\Codes\Python\CFF\Yolo\datasets\VisDrone\images\val\0000022_00500_d_0000005.jpg,model.14.m.1,32,unknown,small,irregular,LocalConvTransformer
0.0,0.0,0.5,1.0,0.5,0.0,dense,G:\Codes\Python\CFF\Yolo\datasets\VisDrone\images\val\0000022_00500_d_0000005.jpg,model.20.m.0,32,unknown,small,irregular,LocalConvTransformer
0.0,0.0,0.5,1.0,0.5,0.0,dense,G:\Codes\Python\CFF\Yolo\datasets\VisDrone\images\val\0000022_00500_d_0000005.jpg,model.20.m.1,32,unknown,small,irregular,LocalConvTransformer
0.0,0.0,0.5,1.0,0.5,0.0,dense,G:\Codes\Python\CFF\Yolo\datasets\VisDrone\images\val\0000022_00500_d_0000005.jpg,model.23.m.0,32,unknown,small,irregular,LocalConvTransformer
0.0,0.0,0.5,1.0,0.5,0.0,dense,G:\Codes\Python\CFF\Yolo\datasets\VisDrone\images\val\0000022_00500_d_0000005.jpg,model.23.m.1,32,unknown,small,irregular,LocalConvTransformer
0.0,0.0,0.5,1.0,0.5,0.0,medium,G:\Codes\Python\CFF\Yolo\datasets\VisDrone\images\val\0000022_01036_d_0000006.jpg,model.14.m.0,16,unknown,small,irregular,LocalConvTransformer
0.0,0.0,0.5,1.0,0.5,0.0,medium,G:\Codes\Python\CFF\Yolo\datasets\VisDrone\images\val\0000022_01036_d_0000006.jpg,model.14.m.1,16,unknown,small,irregular,LocalConvTransformer
0.0,0.0,0.5,1.0,0.5,0.0,medium,G:\Codes\Python\CFF\Yolo\datasets\VisDrone\images\val\0000022_01036_d_0000006.jpg,model.20.m.0,16,unknown,small,irregular,LocalConvTransformer
0.0,0.0,0.5,1.0,0.5,0.0,medium,G:\Codes\Python\CFF\Yolo\datasets\VisDrone\images\val\0000022_01036_d_0000006.jpg,model.20.m.1,16,unknown,small,irregular,LocalConvTransformer
0.0,0.0,0.5,1.0,0.5,0.0,medium,G:\Codes\Python\CFF\Yolo\datasets\VisDrone\images\val\0000022_01036_d_0000006.jpg,model.23.m.0,16,unknown,small,irregular,LocalConvTransformer
0.0,0.0,0.5,1.0,0.5,0.0,medium,G:\Codes\Python\CFF\Yolo\datasets\VisDrone\images\val\0000022_01036_d_0000006.jpg,model.23.m.1,16,unknown,small,irregular,LocalConvTransformer
0.0,0.0,0.5,1.0,0.5,0.0,medium,G:\Codes\Python\CFF\Yolo\datasets\VisDrone\images\val\0000022_01251_d_0000007.jpg,model.14.m.0,12,unknown,small,irregular,LocalConvTransformer
0.0,0.0,0.5,1.0,0.5,0.0,medium,G:\Codes\Python\CFF\Yolo\datasets\VisDrone\images\val\0000022_01251_d_0000007.jpg,model.14.m.1,12,unknown,small,irregular,LocalConvTransformer
0.0,0.0,0.5,1.0,0.5,0.0,medium,G:\Codes\Python\CFF\Yolo\datasets\VisDrone\images\val\0000022_01251_d_0000007.jpg,model.20.m.0,12,unknown,small,irregular,LocalConvTransformer
0.0,0.0,0.5,1.0,0.5,0.0,medium,G:\Codes\Python\CFF\Yolo\datasets\VisDrone\images\val\0000022_01251_d_0000007.jpg,model.20.m.1,12,unknown,small,irregular,LocalConvTransformer
0.0,0.0,0.5,1.0,0.5,0.0,medium,G:\Codes\Python\CFF\Yolo\datasets\VisDrone\images\val\0000022_01251_d_0000007.jpg,model.23.m.0,12,unknown,small,irregular,LocalConvTransformer
0.0,0.0,0.5,1.0,0.5,0.0,medium,G:\Codes\Python\CFF\Yolo\datasets\VisDrone\images\val\0000022_01251_d_0000007.jpg,model.23.m.1,12,unknown,small,irregular,LocalConvTransformer
0.0,0.0,0.5,1.0,0.5,0.0,dense,G:\Codes\Python\CFF\Yolo\datasets\VisDrone\images\val\0000023_00000_d_0000008.jpg,model.14.m.0,40,unknown,small,irregular,LocalConvTransformer
0.0,0.0,0.5,1.0,0.5,0.0,dense,G:\Codes\Python\CFF\Yolo\datasets\VisDrone\images\val\0000023_00000_d_0000008.jpg,model.14.m.1,40,unknown,small,irregular,LocalConvTransformer
0.0,0.0,0.5,1.0,0.5,0.0,dense,G:\Codes\Python\CFF\Yolo\datasets\VisDrone\images\val\0000023_00000_d_0000008.jpg,model.20.m.0,40,unknown,small,irregular,LocalConvTransformer
0.0,0.0,0.5,1.0,0.5,0.0,dense,G:\Codes\Python\CFF\Yolo\datasets\VisDrone\images\val\0000023_00000_d_0000008.jpg,model.20.m.1,40,unknown,small,irregular,LocalConvTransformer
0.0,0.0,0.5,1.0,0.5,0.0,dense,G:\Codes\Python\CFF\Yolo\datasets\VisDrone\images\val\0000023_00000_d_0000008.jpg,model.23.m.0,40,unknown,small,irregular,LocalConvTransformer
0.0,0.0,0.5,1.0,0.5,0.0,dense,G:\Codes\Python\CFF\Yolo\datasets\VisDrone\images\val\0000023_00000_d_0000008.jpg,model.23.m.1,40,unknown,small,irregular,LocalConvTransformer
0.0,0.0,0.5,1.0,0.5,0.0,dense,G:\Codes\Python\CFF\Yolo\datasets\VisDrone\images\val\0000023_00300_d_0000009.jpg,model.14.m.0,30,unknown,small,irregular,LocalConvTransformer
0.0,0.0,0.5,1.0,0.5,0.0,dense,G:\Codes\Python\CFF\Yolo\datasets\VisDrone\images\val\0000023_00300_d_0000009.jpg,model.14.m.1,30,unknown,small,irregular,LocalConvTransformer
0.0,0.0,0.5,1.0,0.5,0.0,dense,G:\Codes\Python\CFF\Yolo\datasets\VisDrone\images\val\0000023_00300_d_0000009.jpg,model.20.m.0,30,unknown,small,irregular,LocalConvTransformer
0.0,0.0,0.5,1.0,0.5,0.0,dense,G:\Codes\Python\CFF\Yolo\datasets\VisDrone\images\val\0000023_00300_d_0000009.jpg,model.20.m.1,30,unknown,small,irregular,LocalConvTransformer
0.0,0.0,0.5,1.0,0.5,0.0,dense,G:\Codes\Python\CFF\Yolo\datasets\VisDrone\images\val\0000023_00300_d_0000009.jpg,model.23.m.0,30,unknown,small,irregular,LocalConvTransformer
0.0,0.0,0.5,1.0,0.5,0.0,dense,G:\Codes\Python\CFF\Yolo\datasets\VisDrone\images\val\0000023_00300_d_0000009.jpg,model.23.m.1,30,unknown,small,irregular,LocalConvTransformer
0.0,0.0,0.5,1.0,0.5,0.0,dense,G:\Codes\Python\CFF\Yolo\datasets\VisDrone\images\val\0000023_00868_d_0000010.jpg,model.14.m.0,20,unknown,small,irregular,LocalConvTransformer
0.0,0.0,0.5,1.0,0.5,0.0,dense,G:\Codes\Python\CFF\Yolo\datasets\VisDrone\images\val\0000023_00868_d_0000010.jpg,model.14.m.1,20,unknown,small,irregular,LocalConvTransformer
0.0,0.0,0.5,1.0,0.5,0.0,dense,G:\Codes\Python\CFF\Yolo\datasets\VisDrone\images\val\0000023_00868_d_0000010.jpg,model.20.m.0,20,unknown,small,irregular,LocalConvTransformer
0.0,0.0,0.5,1.0,0.5,0.0,dense,G:\Codes\Python\CFF\Yolo\datasets\VisDrone\images\val\0000023_00868_d_0000010.jpg,model.20.m.1,20,unknown,small,irregular,LocalConvTransformer
0.0,0.0,0.5,1.0,0.5,0.0,dense,G:\Codes\Python\CFF\Yolo\datasets\VisDrone\images\val\0000023_00868_d_0000010.jpg,model.23.m.0,20,unknown,small,irregular,LocalConvTransformer
0.0,0.0,0.5,1.0,0.5,0.0,dense,G:\Codes\Python\CFF\Yolo\datasets\VisDrone\images\val\0000023_00868_d_0000010.jpg,model.23.m.1,20,unknown,small,irregular,LocalConvTransformer
0.0,0.0,0.5,1.0,0.5,0.0,medium,G:\Codes\Python\CFF\Yolo\datasets\VisDrone\images\val\0000023_01233_d_0000011.jpg,model.14.m.0,14,unknown,small,irregular,LocalConvTransformer
0.0,0.0,0.5,1.0,0.5,0.0,medium,G:\Codes\Python\CFF\Yolo\datasets\VisDrone\images\val\0000023_01233_d_0000011.jpg,model.14.m.1,14,unknown,small,irregular,LocalConvTransformer
0.0,0.0,0.5,1.0,0.5,0.0,medium,G:\Codes\Python\CFF\Yolo\datasets\VisDrone\images\val\0000023_01233_d_0000011.jpg,model.20.m.0,14,unknown,small,irregular,LocalConvTransformer
0.0,0.0,0.5,1.0,0.5,0.0,medium,G:\Codes\Python\CFF\Yolo\datasets\VisDrone\images\val\0000023_01233_d_0000011.jpg,model.20.m.1,14,unknown,small,irregular,LocalConvTransformer
0.0,0.0,0.5,1.0,0.5,0.0,medium,G:\Codes\Python\CFF\Yolo\datasets\VisDrone\images\val\0000023_01233_d_0000011.jpg,model.23.m.0,14,unknown,small,irregular,LocalConvTransformer
0.0,0.0,0.5,1.0,0.5,0.0,medium,G:\Codes\Python\CFF\Yolo\datasets\VisDrone\images\val\0000023_01233_d_0000011.jpg,model.23.m.1,14,unknown,small,irregular,LocalConvTransformer
0.0,0.0,0.5,1.0,0.5,0.0,dense,G:\Codes\Python\CFF\Yolo\datasets\VisDrone\images\val\0000024_00000_d_0000012.jpg,model.14.m.0,21,unknown,small,irregular,LocalConvTransformer
0.0,0.0,0.5,1.0,0.5,0.0,dense,G:\Codes\Python\CFF\Yolo\datasets\VisDrone\images\val\0000024_00000_d_0000012.jpg,model.14.m.1,21,unknown,small,irregular,LocalConvTransformer
0.0,0.0,0.5,1.0,0.5,0.0,dense,G:\Codes\Python\CFF\Yolo\datasets\VisDrone\images\val\0000024_00000_d_0000012.jpg,model.20.m.0,21,unknown,small,irregular,LocalConvTransformer
0.0,0.0,0.5,1.0,0.5,0.0,dense,G:\Codes\Python\CFF\Yolo\datasets\VisDrone\images\val\0000024_00000_d_0000012.jpg,model.20.m.1,21,unknown,small,irregular,LocalConvTransformer
0.0,0.0,0.5,1.0,0.5,0.0,dense,G:\Codes\Python\CFF\Yolo\datasets\VisDrone\images\val\0000024_00000_d_0000012.jpg,model.23.m.0,21,unknown,small,irregular,LocalConvTransformer
0.0,0.0,0.5,1.0,0.5,0.0,dense,G:\Codes\Python\CFF\Yolo\datasets\VisDrone\images\val\0000024_00000_d_0000012.jpg,model.23.m.1,21,unknown,small,irregular,LocalConvTransformer
0.0,0.0,0.5,1.0,0.5,0.0,medium,G:\Codes\Python\CFF\Yolo\datasets\VisDrone\images\val\0000024_00500_d_0000013.jpg,model.14.m.0,10,unknown,small,irregular,LocalConvTransformer
0.0,0.0,0.5,1.0,0.5,0.0,medium,G:\Codes\Python\CFF\Yolo\datasets\VisDrone\images\val\0000024_00500_d_0000013.jpg,model.14.m.1,10,unknown,small,irregular,LocalConvTransformer
0.0,0.0,0.5,1.0,0.5,0.0,medium,G:\Codes\Python\CFF\Yolo\datasets\VisDrone\images\val\0000024_00500_d_0000013.jpg,model.20.m.0,10,unknown,small,irregular,LocalConvTransformer
0.0,0.0,0.5,1.0,0.5,0.0,medium,G:\Codes\Python\CFF\Yolo\datasets\VisDrone\images\val\0000024_00500_d_0000013.jpg,model.20.m.1,10,unknown,small,irregular,LocalConvTransformer
0.0,0.0,0.5,1.0,0.5,0.0,medium,G:\Codes\Python\CFF\Yolo\datasets\VisDrone\images\val\0000024_00500_d_0000013.jpg,model.23.m.0,10,unknown,small,irregular,LocalConvTransformer
0.0,0.0,0.5,1.0,0.5,0.0,medium,G:\Codes\Python\CFF\Yolo\datasets\VisDrone\images\val\0000024_00500_d_0000013.jpg,model.23.m.1,10,unknown,small,irregular,LocalConvTransformer
0.0,0.0,0.5,1.0,0.5,0.0,medium,G:\Codes\Python\CFF\Yolo\datasets\VisDrone\images\val\0000024_01000_d_0000014.jpg,model.14.m.0,12,unknown,small,irregular,LocalConvTransformer
0.0,0.0,0.5,1.0,0.5,0.0,medium,G:\Codes\Python\CFF\Yolo\datasets\VisDrone\images\val\0000024_01000_d_0000014.jpg,model.14.m.1,12,unknown,small,irregular,LocalConvTransformer
0.0,0.0,0.5,1.0,0.5,0.0,medium,G:\Codes\Python\CFF\Yolo\datasets\VisDrone\images\val\0000024_01000_d_0000014.jpg,model.20.m.0,12,unknown,small,irregular,LocalConvTransformer
0.0,0.0,0.5,1.0,0.5,0.0,medium,G:\Codes\Python\CFF\Yolo\datasets\VisDrone\images\val\0000024_01000_d_0000014.jpg,model.20.m.1,12,unknown,small,irregular,LocalConvTransformer
0.0,0.0,0.5,1.0,0.5,0.0,medium,G:\Codes\Python\CFF\Yolo\datasets\VisDrone\images\val\0000024_01000_d_0000014.jpg,model.23.m.0,12,unknown,small,irregular,LocalConvTransformer
0.0,0.0,0.5,1.0,0.5,0.0,medium,G:\Codes\Python\CFF\Yolo\datasets\VisDrone\images\val\0000024_01000_d_0000014.jpg,model.23.m.1,12,unknown,small,irregular,LocalConvTransformer
0.0,0.0,0.5,1.0,0.5,0.0,medium,G:\Codes\Python\CFF\Yolo\datasets\VisDrone\images\val\0000024_01543_d_0000015.jpg,model.14.m.0,8,unknown,small,irregular,LocalConvTransformer
0.0,0.0,0.5,1.0,0.5,0.0,medium,G:\Codes\Python\CFF\Yolo\datasets\VisDrone\images\val\0000024_01543_d_0000015.jpg,model.14.m.1,8,unknown,small,irregular,LocalConvTransformer
0.0,0.0,0.5,1.0,0.5,0.0,medium,G:\Codes\Python\CFF\Yolo\datasets\VisDrone\images\val\0000024_01543_d_0000015.jpg,model.20.m.0,8,unknown,small,irregular,LocalConvTransformer
0.0,0.0,0.5,1.0,0.5,0.0,medium,G:\Codes\Python\CFF\Yolo\datasets\VisDrone\images\val\0000024_01543_d_0000015.jpg,model.20.m.1,8,unknown,small,irregular,LocalConvTransformer
0.0,0.0,0.5,1.0,0.5,0.0,medium,G:\Codes\Python\CFF\Yolo\datasets\VisDrone\images\val\0000024_01543_d_0000015.jpg,model.23.m.0,8,unknown,small,irregular,LocalConvTransformer
0.0,0.0,0.5,1.0,0.5,0.0,medium,G:\Codes\Python\CFF\Yolo\datasets\VisDrone\images\val\0000024_01543_d_0000015.jpg,model.23.m.1,8,unknown,small,irregular,LocalConvTransformer
0.0,0.0,0.5,1.0,0.5,0.0,medium,G:\Codes\Python\CFF\Yolo\datasets\VisDrone\images\val\0000026_00000_d_0000024.jpg,model.14.m.0,8,unknown,mixed,regular,LocalConvTransformer
0.0,0.0,0.5,1.0,0.5,0.0,medium,G:\Codes\Python\CFF\Yolo\datasets\VisDrone\images\val\0000026_00000_d_0000024.jpg,model.14.m.1,8,unknown,mixed,regular,LocalConvTransformer
0.0,0.0,0.5,1.0,0.5,0.0,medium,G:\Codes\Python\CFF\Yolo\datasets\VisDrone\images\val\0000026_00000_d_0000024.jpg,model.20.m.0,8,unknown,mixed,regular,LocalConvTransformer
0.0,0.0,0.5,1.0,0.5,0.0,medium,G:\Codes\Python\CFF\Yolo\datasets\VisDrone\images\val\0000026_00000_d_0000024.jpg,model.20.m.1,8,unknown,mixed,regular,LocalConvTransformer
0.0,0.0,0.5,1.0,0.5,0.0,medium,G:\Codes\Python\CFF\Yolo\datasets\VisDrone\images\val\0000026_00000_d_0000024.jpg,model.23.m.0,8,unknown,mixed,regular,LocalConvTransformer
0.0,0.0,0.5,1.0,0.5,0.0,medium,G:\Codes\Python\CFF\Yolo\datasets\VisDrone\images\val\0000026_00000_d_0000024.jpg,model.23.m.1,8,unknown,mixed,regular,LocalConvTransformer
0.0,0.0,0.5,1.0,0.5,0.0,medium,G:\Codes\Python\CFF\Yolo\datasets\VisDrone\images\val\0000026_00500_d_0000025.jpg,model.14.m.0,15,unknown,mixed,regular,LocalConvTransformer
0.0,0.0,0.5,1.0,0.5,0.0,medium,G:\Codes\Python\CFF\Yolo\datasets\VisDrone\images\val\0000026_00500_d_0000025.jpg,model.14.m.1,15,unknown,mixed,regular,LocalConvTransformer
0.0,0.0,0.5,1.0,0.5,0.0,medium,G:\Codes\Python\CFF\Yolo\datasets\VisDrone\images\val\0000026_00500_d_0000025.jpg,model.20.m.0,15,unknown,mixed,regular,LocalConvTransformer
0.0,0.0,0.5,1.0,0.5,0.0,medium,G:\Codes\Python\CFF\Yolo\datasets\VisDrone\images\val\0000026_00500_d_0000025.jpg,model.20.m.1,15,unknown,mixed,regular,LocalConvTransformer
0.0,0.0,0.5,1.0,0.5,0.0,medium,G:\Codes\Python\CFF\Yolo\datasets\VisDrone\images\val\0000026_00500_d_0000025.jpg,model.23.m.0,15,unknown,mixed,regular,LocalConvTransformer
0.0,0.0,0.5,1.0,0.5,0.0,medium,G:\Codes\Python\CFF\Yolo\datasets\VisDrone\images\val\0000026_00500_d_0000025.jpg,model.23.m.1,15,unknown,mixed,regular,LocalConvTransformer
0.0,0.0,0.5,1.0,0.5,0.0,dense,G:\Codes\Python\CFF\Yolo\datasets\VisDrone\images\val\0000026_01000_d_0000026.jpg,model.14.m.0,25,unknown,mixed,regular,LocalConvTransformer
0.0,0.0,0.5,1.0,0.5,0.0,dense,G:\Codes\Python\CFF\Yolo\datasets\VisDrone\images\val\0000026_01000_d_0000026.jpg,model.14.m.1,25,unknown,mixed,regular,LocalConvTransformer
0.0,0.0,0.5,1.0,0.5,0.0,dense,G:\Codes\Python\CFF\Yolo\datasets\VisDrone\images\val\0000026_01000_d_0000026.jpg,model.20.m.0,25,unknown,mixed,regular,LocalConvTransformer
0.0,0.0,0.5,1.0,0.5,0.0,dense,G:\Codes\Python\CFF\Yolo\datasets\VisDrone\images\val\0000026_01000_d_0000026.jpg,model.20.m.1,25,unknown,mixed,regular,LocalConvTransformer
0.0,0.0,0.5,1.0,0.5,0.0,dense,G:\Codes\Python\CFF\Yolo\datasets\VisDrone\images\val\0000026_01000_d_0000026.jpg,model.23.m.0,25,unknown,mixed,regular,LocalConvTransformer
0.0,0.0,0.5,1.0,0.5,0.0,dense,G:\Codes\Python\CFF\Yolo\datasets\VisDrone\images\val\0000026_01000_d_0000026.jpg,model.23.m.1,25,unknown,mixed,regular,LocalConvTransformer
0.0,0.0,0.5,1.0,0.5,0.0,medium,G:\Codes\Python\CFF\Yolo\datasets\VisDrone\images\val\0000026_01500_d_0000027.jpg,model.14.m.0,10,unknown,mixed,regular,LocalConvTransformer
0.0,0.0,0.5,1.0,0.5,0.0,medium,G:\Codes\Python\CFF\Yolo\datasets\VisDrone\images\val\0000026_01500_d_0000027.jpg,model.14.m.1,10,unknown,mixed,regular,LocalConvTransformer
0.0,0.0,0.5,1.0,0.5,0.0,medium,G:\Codes\Python\CFF\Yolo\datasets\VisDrone\images\val\0000026_01500_d_0000027.jpg,model.20.m.0,10,unknown,mixed,regular,LocalConvTransformer
0.0,0.0,0.5,1.0,0.5,0.0,medium,G:\Codes\Python\CFF\Yolo\datasets\VisDrone\images\val\0000026_01500_d_0000027.jpg,model.20.m.1,10,unknown,mixed,regular,LocalConvTransformer
0.0,0.0,0.5,1.0,0.5,0.0,medium,G:\Codes\Python\CFF\Yolo\datasets\VisDrone\images\val\0000026_01500_d_0000027.jpg,model.23.m.0,10,unknown,mixed,regular,LocalConvTransformer
0.0,0.0,0.5,1.0,0.5,0.0,medium,G:\Codes\Python\CFF\Yolo\datasets\VisDrone\images\val\0000026_01500_d_0000027.jpg,model.23.m.1,10,unknown,mixed,regular,LocalConvTransformer
0.0,0.0,0.5,1.0,0.5,0.0,medium,G:\Codes\Python\CFF\Yolo\datasets\VisDrone\images\val\0000026_02000_d_0000028.jpg,model.14.m.0,9,unknown,mixed,regular,LocalConvTransformer
0.0,0.0,0.5,1.0,0.5,0.0,medium,G:\Codes\Python\CFF\Yolo\datasets\VisDrone\images\val\0000026_02000_d_0000028.jpg,model.14.m.1,9,unknown,mixed,regular,LocalConvTransformer
0.0,0.0,0.5,1.0,0.5,0.0,medium,G:\Codes\Python\CFF\Yolo\datasets\VisDrone\images\val\0000026_02000_d_0000028.jpg,model.20.m.0,9,unknown,mixed,regular,LocalConvTransformer
0.0,0.0,0.5,1.0,0.5,0.0,medium,G:\Codes\Python\CFF\Yolo\datasets\VisDrone\images\val\0000026_02000_d_0000028.jpg,model.20.m.1,9,unknown,mixed,regular,LocalConvTransformer
0.0,0.0,0.5,1.0,0.5,0.0,medium,G:\Codes\Python\CFF\Yolo\datasets\VisDrone\images\val\0000026_02000_d_0000028.jpg,model.23.m.0,9,unknown,mixed,regular,LocalConvTransformer
0.0,0.0,0.5,1.0,0.5,0.0,medium,G:\Codes\Python\CFF\Yolo\datasets\VisDrone\images\val\0000026_02000_d_0000028.jpg,model.23.m.1,9,unknown,mixed,regular,LocalConvTransformer
0.0,0.0,0.5,1.0,0.5,0.0,medium,G:\Codes\Python\CFF\Yolo\datasets\VisDrone\images\val\0000026_02500_d_0000029.jpg,model.14.m.0,17,unknown,small,irregular,LocalConvTransformer
0.0,0.0,0.5,1.0,0.5,0.0,medium,G:\Codes\Python\CFF\Yolo\datasets\VisDrone\images\val\0000026_02500_d_0000029.jpg,model.14.m.1,17,unknown,small,irregular,LocalConvTransformer
0.0,0.0,0.5,1.0,0.5,0.0,medium,G:\Codes\Python\CFF\Yolo\datasets\VisDrone\images\val\0000026_02500_d_0000029.jpg,model.20.m.0,17,unknown,small,irregular,LocalConvTransformer
0.0,0.0,0.5,1.0,0.5,0.0,medium,G:\Codes\Python\CFF\Yolo\datasets\VisDrone\images\val\0000026_02500_d_0000029.jpg,model.20.m.1,17,unknown,small,irregular,LocalConvTransformer
0.0,0.0,0.5,1.0,0.5,0.0,medium,G:\Codes\Python\CFF\Yolo\datasets\VisDrone\images\val\0000026_02500_d_0000029.jpg,model.23.m.0,17,unknown,small,irregular,LocalConvTransformer
0.0,0.0,0.5,1.0,0.5,0.0,medium,G:\Codes\Python\CFF\Yolo\datasets\VisDrone\images\val\0000026_02500_d_0000029.jpg,model.23.m.1,17,unknown,small,irregular,LocalConvTransformer
0.0,0.0,0.5,1.0,0.5,0.0,medium,G:\Codes\Python\CFF\Yolo\datasets\VisDrone\images\val\0000026_03000_d_0000030.jpg,model.14.m.0,13,unknown,mixed,regular,LocalConvTransformer
0.0,0.0,0.5,1.0,0.5,0.0,medium,G:\Codes\Python\CFF\Yolo\datasets\VisDrone\images\val\0000026_03000_d_0000030.jpg,model.14.m.1,13,unknown,mixed,regular,LocalConvTransformer
0.0,0.0,0.5,1.0,0.5,0.0,medium,G:\Codes\Python\CFF\Yolo\datasets\VisDrone\images\val\0000026_03000_d_0000030.jpg,model.20.m.0,13,unknown,mixed,regular,LocalConvTransformer
0.0,0.0,0.5,1.0,0.5,0.0,medium,G:\Codes\Python\CFF\Yolo\datasets\VisDrone\images\val\0000026_03000_d_0000030.jpg,model.20.m.1,13,unknown,mixed,regular,LocalConvTransformer
0.0,0.0,0.5,1.0,0.5,0.0,medium,G:\Codes\Python\CFF\Yolo\datasets\VisDrone\images\val\0000026_03000_d_0000030.jpg,model.23.m.0,13,unknown,mixed,regular,LocalConvTransformer
0.0,0.0,0.5,1.0,0.5,0.0,medium,G:\Codes\Python\CFF\Yolo\datasets\VisDrone\images\val\0000026_03000_d_0000030.jpg,model.23.m.1,13,unknown,mixed,regular,LocalConvTransformer
0.0,0.0,0.5,1.0,0.5,0.0,dense,G:\Codes\Python\CFF\Yolo\datasets\VisDrone\images\val\0000026_03500_d_0000031.jpg,model.14.m.0,23,unknown,mixed,regular,LocalConvTransformer
0.0,0.0,0.5,1.0,0.5,0.0,dense,G:\Codes\Python\CFF\Yolo\datasets\VisDrone\images\val\0000026_03500_d_0000031.jpg,model.14.m.1,23,unknown,mixed,regular,LocalConvTransformer
0.0,0.0,0.5,1.0,0.5,0.0,dense,G:\Codes\Python\CFF\Yolo\datasets\VisDrone\images\val\0000026_03500_d_0000031.jpg,model.20.m.0,23,unknown,mixed,regular,LocalConvTransformer
0.0,0.0,0.5,1.0,0.5,0.0,dense,G:\Codes\Python\CFF\Yolo\datasets\VisDrone\images\val\0000026_03500_d_0000031.jpg,model.20.m.1,23,unknown,mixed,regular,LocalConvTransformer
0.0,0.0,0.5,1.0,0.5,0.0,dense,G:\Codes\Python\CFF\Yolo\datasets\VisDrone\images\val\0000026_03500_d_0000031.jpg,model.23.m.0,23,unknown,mixed,regular,LocalConvTransformer
0.0,0.0,0.5,1.0,0.5,0.0,dense,G:\Codes\Python\CFF\Yolo\datasets\VisDrone\images\val\0000026_03500_d_0000031.jpg,model.23.m.1,23,unknown,mixed,regular,LocalConvTransformer
0.0,0.0,0.5,1.0,0.5,0.0,medium,G:\Codes\Python\CFF\Yolo\datasets\VisDrone\images\val\0000026_04000_d_0000032.jpg,model.14.m.0,14,unknown,mixed,regular,LocalConvTransformer
0.0,0.0,0.5,1.0,0.5,0.0,medium,G:\Codes\Python\CFF\Yolo\datasets\VisDrone\images\val\0000026_04000_d_0000032.jpg,model.14.m.1,14,unknown,mixed,regular,LocalConvTransformer
0.0,0.0,0.5,1.0,0.5,0.0,medium,G:\Codes\Python\CFF\Yolo\datasets\VisDrone\images\val\0000026_04000_d_0000032.jpg,model.20.m.0,14,unknown,mixed,regular,LocalConvTransformer
0.0,0.0,0.5,1.0,0.5,0.0,medium,G:\Codes\Python\CFF\Yolo\datasets\VisDrone\images\val\0000026_04000_d_0000032.jpg,model.20.m.1,14,unknown,mixed,regular,LocalConvTransformer
0.0,0.0,0.5,1.0,0.5,0.0,medium,G:\Codes\Python\CFF\Yolo\datasets\VisDrone\images\val\0000026_04000_d_0000032.jpg,model.23.m.0,14,unknown,mixed,regular,LocalConvTransformer
0.0,0.0,0.5,1.0,0.5,0.0,medium,G:\Codes\Python\CFF\Yolo\datasets\VisDrone\images\val\0000026_04000_d_0000032.jpg,model.23.m.1,14,unknown,mixed,regular,LocalConvTransformer
0.0,0.0,0.5,1.0,0.5,0.0,dense,G:\Codes\Python\CFF\Yolo\datasets\VisDrone\images\val\0000026_04500_d_0000033.jpg,model.14.m.0,47,unknown,small,regular,LocalConvTransformer
0.0,0.0,0.5,1.0,0.5,0.0,dense,G:\Codes\Python\CFF\Yolo\datasets\VisDrone\images\val\0000026_04500_d_0000033.jpg,model.14.m.1,47,unknown,small,regular,LocalConvTransformer
0.0,0.0,0.5,1.0,0.5,0.0,dense,G:\Codes\Python\CFF\Yolo\datasets\VisDrone\images\val\0000026_04500_d_0000033.jpg,model.20.m.0,47,unknown,small,regular,LocalConvTransformer
0.0,0.0,0.5,1.0,0.5,0.0,dense,G:\Codes\Python\CFF\Yolo\datasets\VisDrone\images\val\0000026_04500_d_0000033.jpg,model.20.m.1,47,unknown,small,regular,LocalConvTransformer
0.0,0.0,0.5,1.0,0.5,0.0,dense,G:\Codes\Python\CFF\Yolo\datasets\VisDrone\images\val\0000026_04500_d_0000033.jpg,model.23.m.0,47,unknown,small,regular,LocalConvTransformer
0.0,0.0,0.5,1.0,0.5,0.0,dense,G:\Codes\Python\CFF\Yolo\datasets\VisDrone\images\val\0000026_04500_d_0000033.jpg,model.23.m.1,47,unknown,small,regular,LocalConvTransformer
0.0,0.0,0.5,1.0,0.5,0.0,dense,G:\Codes\Python\CFF\Yolo\datasets\VisDrone\images\val\0000026_04978_d_0000034.jpg,model.14.m.0,45,unknown,small,irregular,LocalConvTransformer
0.0,0.0,0.5,1.0,0.5,0.0,dense,G:\Codes\Python\CFF\Yolo\datasets\VisDrone\images\val\0000026_04978_d_0000034.jpg,model.14.m.1,45,unknown,small,irregular,LocalConvTransformer
0.0,0.0,0.5,1.0,0.5,0.0,dense,G:\Codes\Python\CFF\Yolo\datasets\VisDrone\images\val\0000026_04978_d_0000034.jpg,model.20.m.0,45,unknown,small,irregular,LocalConvTransformer
0.0,0.0,0.5,1.0,0.5,0.0,dense,G:\Codes\Python\CFF\Yolo\datasets\VisDrone\images\val\0000026_04978_d_0000034.jpg,model.20.m.1,45,unknown,small,irregular,LocalConvTransformer
0.0,0.0,0.5,1.0,0.5,0.0,dense,G:\Codes\Python\CFF\Yolo\datasets\VisDrone\images\val\0000026_04978_d_0000034.jpg,model.23.m.0,45,unknown,small,irregular,LocalConvTransformer
0.0,0.0,0.5,1.0,0.5,0.0,dense,G:\Codes\Python\CFF\Yolo\datasets\VisDrone\images\val\0000026_04978_d_0000034.jpg,model.23.m.1,45,unknown,small,irregular,LocalConvTransformer
0.0,0.0,0.5,1.0,0.5,0.0,dense,G:\Codes\Python\CFF\Yolo\datasets\VisDrone\images\val\0000055_00000_d_0000109.jpg,model.14.m.0,101,unknown,small,irregular,LocalConvTransformer
0.0,0.0,0.5,1.0,0.5,0.0,dense,G:\Codes\Python\CFF\Yolo\datasets\VisDrone\images\val\0000055_00000_d_0000109.jpg,model.14.m.1,101,unknown,small,irregular,LocalConvTransformer
0.0,0.0,0.5,1.0,0.5,0.0,dense,G:\Codes\Python\CFF\Yolo\datasets\VisDrone\images\val\0000055_00000_d_0000109.jpg,model.20.m.0,101,unknown,small,irregular,LocalConvTransformer
0.0,0.0,0.5,1.0,0.5,0.0,dense,G:\Codes\Python\CFF\Yolo\datasets\VisDrone\images\val\0000055_00000_d_0000109.jpg,model.20.m.1,101,unknown,small,irregular,LocalConvTransformer
0.0,0.0,0.5,1.0,0.5,0.0,dense,G:\Codes\Python\CFF\Yolo\datasets\VisDrone\images\val\0000055_00000_d_0000109.jpg,model.23.m.0,101,unknown,small,irregular,LocalConvTransformer
0.0,0.0,0.5,1.0,0.5,0.0,dense,G:\Codes\Python\CFF\Yolo\datasets\VisDrone\images\val\0000055_00000_d_0000109.jpg,model.23.m.1,101,unknown,small,irregular,LocalConvTransformer
0.0,0.0,0.5,1.0,0.5,0.0,dense,G:\Codes\Python\CFF\Yolo\datasets\VisDrone\images\val\0000055_00714_d_0000110.jpg,model.14.m.0,85,unknown,small,irregular,LocalConvTransformer
0.0,0.0,0.5,1.0,0.5,0.0,dense,G:\Codes\Python\CFF\Yolo\datasets\VisDrone\images\val\0000055_00714_d_0000110.jpg,model.14.m.1,85,unknown,small,irregular,LocalConvTransformer
0.0,0.0,0.5,1.0,0.5,0.0,dense,G:\Codes\Python\CFF\Yolo\datasets\VisDrone\images\val\0000055_00714_d_0000110.jpg,model.20.m.0,85,unknown,small,irregular,LocalConvTransformer
0.0,0.0,0.5,1.0,0.5,0.0,dense,G:\Codes\Python\CFF\Yolo\datasets\VisDrone\images\val\0000055_00714_d_0000110.jpg,model.20.m.1,85,unknown,small,irregular,LocalConvTransformer
0.0,0.0,0.5,1.0,0.5,0.0,dense,G:\Codes\Python\CFF\Yolo\datasets\VisDrone\images\val\0000055_00714_d_0000110.jpg,model.23.m.0,85,unknown,small,irregular,LocalConvTransformer
0.0,0.0,0.5,1.0,0.5,0.0,dense,G:\Codes\Python\CFF\Yolo\datasets\VisDrone\images\val\0000055_00714_d_0000110.jpg,model.23.m.1,85,unknown,small,irregular,LocalConvTransformer
0.0,0.0,0.5,1.0,0.5,0.0,dense,G:\Codes\Python\CFF\Yolo\datasets\VisDrone\images\val\0000069_00001_d_0000001.jpg,model.14.m.0,34,unknown,small,irregular,LocalConvTransformer
0.0,0.0,0.5,1.0,0.5,0.0,dense,G:\Codes\Python\CFF\Yolo\datasets\VisDrone\images\val\0000069_00001_d_0000001.jpg,model.14.m.1,34,unknown,small,irregular,LocalConvTransformer
0.0,0.0,0.5,1.0,0.5,0.0,dense,G:\Codes\Python\CFF\Yolo\datasets\VisDrone\images\val\0000069_00001_d_0000001.jpg,model.20.m.0,34,unknown,small,irregular,LocalConvTransformer
0.0,0.0,0.5,1.0,0.5,0.0,dense,G:\Codes\Python\CFF\Yolo\datasets\VisDrone\images\val\0000069_00001_d_0000001.jpg,model.20.m.1,34,unknown,small,irregular,LocalConvTransformer
0.0,0.0,0.5,1.0,0.5,0.0,dense,G:\Codes\Python\CFF\Yolo\datasets\VisDrone\images\val\0000069_00001_d_0000001.jpg,model.23.m.0,34,unknown,small,irregular,LocalConvTransformer
0.0,0.0,0.5,1.0,0.5,0.0,dense,G:\Codes\Python\CFF\Yolo\datasets\VisDrone\images\val\0000069_00001_d_0000001.jpg,model.23.m.1,34,unknown,small,irregular,LocalConvTransformer
0.0,0.0,0.5,1.0,0.5,0.0,dense,G:\Codes\Python\CFF\Yolo\datasets\VisDrone\images\val\0000069_00483_d_0000002.jpg,model.14.m.0,27,unknown,small,irregular,LocalConvTransformer
0.0,0.0,0.5,1.0,0.5,0.0,dense,G:\Codes\Python\CFF\Yolo\datasets\VisDrone\images\val\0000069_00483_d_0000002.jpg,model.14.m.1,27,unknown,small,irregular,LocalConvTransformer
0.0,0.0,0.5,1.0,0.5,0.0,dense,G:\Codes\Python\CFF\Yolo\datasets\VisDrone\images\val\0000069_00483_d_0000002.jpg,model.20.m.0,27,unknown,small,irregular,LocalConvTransformer
0.0,0.0,0.5,1.0,0.5,0.0,dense,G:\Codes\Python\CFF\Yolo\datasets\VisDrone\images\val\0000069_00483_d_0000002.jpg,model.20.m.1,27,unknown,small,irregular,LocalConvTransformer
0.0,0.0,0.5,1.0,0.5,0.0,dense,G:\Codes\Python\CFF\Yolo\datasets\VisDrone\images\val\0000069_00483_d_0000002.jpg,model.23.m.0,27,unknown,small,irregular,LocalConvTransformer
0.0,0.0,0.5,1.0,0.5,0.0,dense,G:\Codes\Python\CFF\Yolo\datasets\VisDrone\images\val\0000069_00483_d_0000002.jpg,model.23.m.1,27,unknown,small,irregular,LocalConvTransformer
0.0,0.0,0.5,1.0,0.5,0.0,dense,G:\Codes\Python\CFF\Yolo\datasets\VisDrone\images\val\0000069_00713_d_0000003.jpg,model.14.m.0,49,unknown,small,irregular,LocalConvTransformer
0.0,0.0,0.5,1.0,0.5,0.0,dense,G:\Codes\Python\CFF\Yolo\datasets\VisDrone\images\val\0000069_00713_d_0000003.jpg,model.14.m.1,49,unknown,small,irregular,LocalConvTransformer
0.0,0.0,0.5,1.0,0.5,0.0,dense,G:\Codes\Python\CFF\Yolo\datasets\VisDrone\images\val\0000069_00713_d_0000003.jpg,model.20.m.0,49,unknown,small,irregular,LocalConvTransformer
0.0,0.0,0.5,1.0,0.5,0.0,dense,G:\Codes\Python\CFF\Yolo\datasets\VisDrone\images\val\0000069_00713_d_0000003.jpg,model.20.m.1,49,unknown,small,irregular,LocalConvTransformer
0.0,0.0,0.5,1.0,0.5,0.0,dense,G:\Codes\Python\CFF\Yolo\datasets\VisDrone\images\val\0000069_00713_d_0000003.jpg,model.23.m.0,49,unknown,small,irregular,LocalConvTransformer
0.0,0.0,0.5,1.0,0.5,0.0,dense,G:\Codes\Python\CFF\Yolo\datasets\VisDrone\images\val\0000069_00713_d_0000003.jpg,model.23.m.1,49,unknown,small,irregular,LocalConvTransformer
0.0,0.0,0.5,1.0,0.5,0.0,dense,G:\Codes\Python\CFF\Yolo\datasets\VisDrone\images\val\0000069_01109_d_0000004.jpg,model.14.m.0,31,unknown,small,irregular,LocalConvTransformer
0.0,0.0,0.5,1.0,0.5,0.0,dense,G:\Codes\Python\CFF\Yolo\datasets\VisDrone\images\val\0000069_01109_d_0000004.jpg,model.14.m.1,31,unknown,small,irregular,LocalConvTransformer
0.0,0.0,0.5,1.0,0.5,0.0,dense,G:\Codes\Python\CFF\Yolo\datasets\VisDrone\images\val\0000069_01109_d_0000004.jpg,model.20.m.0,31,unknown,small,irregular,LocalConvTransformer
0.0,0.0,0.5,1.0,0.5,0.0,dense,G:\Codes\Python\CFF\Yolo\datasets\VisDrone\images\val\0000069_01109_d_0000004.jpg,model.20.m.1,31,unknown,small,irregular,LocalConvTransformer
0.0,0.0,0.5,1.0,0.5,0.0,dense,G:\Codes\Python\CFF\Yolo\datasets\VisDrone\images\val\0000069_01109_d_0000004.jpg,model.23.m.0,31,unknown,small,irregular,LocalConvTransformer
0.0,0.0,0.5,1.0,0.5,0.0,dense,G:\Codes\Python\CFF\Yolo\datasets\VisDrone\images\val\0000069_01109_d_0000004.jpg,model.23.m.1,31,unknown,small,irregular,LocalConvTransformer
0.0,0.0,0.5,1.0,0.5,0.0,dense,G:\Codes\Python\CFF\Yolo\datasets\VisDrone\images\val\0000069_01878_d_0000005.jpg,model.14.m.0,36,unknown,small,irregular,LocalConvTransformer
0.0,0.0,0.5,1.0,0.5,0.0,dense,G:\Codes\Python\CFF\Yolo\datasets\VisDrone\images\val\0000069_01878_d_0000005.jpg,model.14.m.1,36,unknown,small,irregular,LocalConvTransformer
0.0,0.0,0.5,1.0,0.5,0.0,dense,G:\Codes\Python\CFF\Yolo\datasets\VisDrone\images\val\0000069_01878_d_0000005.jpg,model.20.m.0,36,unknown,small,irregular,LocalConvTransformer
0.0,0.0,0.5,1.0,0.5,0.0,dense,G:\Codes\Python\CFF\Yolo\datasets\VisDrone\images\val\0000069_01878_d_0000005.jpg,model.20.m.1,36,unknown,small,irregular,LocalConvTransformer
0.0,0.0,0.5,1.0,0.5,0.0,dense,G:\Codes\Python\CFF\Yolo\datasets\VisDrone\images\val\0000069_01878_d_0000005.jpg,model.23.m.0,36,unknown,small,irregular,LocalConvTransformer
0.0,0.0,0.5,1.0,0.5,0.0,dense,G:\Codes\Python\CFF\Yolo\datasets\VisDrone\images\val\0000069_01878_d_0000005.jpg,model.23.m.1,36,unknown,small,irregular,LocalConvTransformer
0.0,0.0,0.5,1.0,0.5,0.0,dense,G:\Codes\Python\CFF\Yolo\datasets\VisDrone\images\val\0000069_02163_d_0000006.jpg,model.14.m.0,49,unknown,small,irregular,LocalConvTransformer
0.0,0.0,0.5,1.0,0.5,0.0,dense,G:\Codes\Python\CFF\Yolo\datasets\VisDrone\images\val\0000069_02163_d_0000006.jpg,model.14.m.1,49,unknown,small,irregular,LocalConvTransformer
0.0,0.0,0.5,1.0,0.5,0.0,dense,G:\Codes\Python\CFF\Yolo\datasets\VisDrone\images\val\0000069_02163_d_0000006.jpg,model.20.m.0,49,unknown,small,irregular,LocalConvTransformer
0.0,0.0,0.5,1.0,0.5,0.0,dense,G:\Codes\Python\CFF\Yolo\datasets\VisDrone\images\val\0000069_02163_d_0000006.jpg,model.20.m.1,49,unknown,small,irregular,LocalConvTransformer
0.0,0.0,0.5,1.0,0.5,0.0,dense,G:\Codes\Python\CFF\Yolo\datasets\VisDrone\images\val\0000069_02163_d_0000006.jpg,model.23.m.0,49,unknown,small,irregular,LocalConvTransformer
0.0,0.0,0.5,1.0,0.5,0.0,dense,G:\Codes\Python\CFF\Yolo\datasets\VisDrone\images\val\0000069_02163_d_0000006.jpg,model.23.m.1,49,unknown,small,irregular,LocalConvTransformer
0.0,0.0,0.5,1.0,0.5,0.0,dense,G:\Codes\Python\CFF\Yolo\datasets\VisDrone\images\val\0000069_02480_d_0000007.jpg,model.14.m.0,64,unknown,small,irregular,LocalConvTransformer
0.0,0.0,0.5,1.0,0.5,0.0,dense,G:\Codes\Python\CFF\Yolo\datasets\VisDrone\images\val\0000069_02480_d_0000007.jpg,model.14.m.1,64,unknown,small,irregular,LocalConvTransformer
0.0,0.0,0.5,1.0,0.5,0.0,dense,G:\Codes\Python\CFF\Yolo\datasets\VisDrone\images\val\0000069_02480_d_0000007.jpg,model.20.m.0,64,unknown,small,irregular,LocalConvTransformer
0.0,0.0,0.5,1.0,0.5,0.0,dense,G:\Codes\Python\CFF\Yolo\datasets\VisDrone\images\val\0000069_02480_d_0000007.jpg,model.20.m.1,64,unknown,small,irregular,LocalConvTransformer
0.0,0.0,0.5,1.0,0.5,0.0,dense,G:\Codes\Python\CFF\Yolo\datasets\VisDrone\images\val\0000069_02480_d_0000007.jpg,model.23.m.0,64,unknown,small,irregular,LocalConvTransformer
0.0,0.0,0.5,1.0,0.5,0.0,dense,G:\Codes\Python\CFF\Yolo\datasets\VisDrone\images\val\0000069_02480_d_0000007.jpg,model.23.m.1,64,unknown,small,irregular,LocalConvTransformer
0.0,0.0,0.5,1.0,0.5,0.0,dense,G:\Codes\Python\CFF\Yolo\datasets\VisDrone\images\val\0000072_02834_d_0000003.jpg,model.14.m.0,73,unknown,small,irregular,LocalConvTransformer
0.0,0.0,0.5,1.0,0.5,0.0,dense,G:\Codes\Python\CFF\Yolo\datasets\VisDrone\images\val\0000072_02834_d_0000003.jpg,model.14.m.1,73,unknown,small,irregular,LocalConvTransformer
0.0,0.0,0.5,1.0,0.5,0.0,dense,G:\Codes\Python\CFF\Yolo\datasets\VisDrone\images\val\0000072_02834_d_0000003.jpg,model.20.m.0,73,unknown,small,irregular,LocalConvTransformer
0.0,0.0,0.5,1.0,0.5,0.0,dense,G:\Codes\Python\CFF\Yolo\datasets\VisDrone\images\val\0000072_02834_d_0000003.jpg,model.20.m.1,73,unknown,small,irregular,LocalConvTransformer
0.0,0.0,0.5,1.0,0.5,0.0,dense,G:\Codes\Python\CFF\Yolo\datasets\VisDrone\images\val\0000072_02834_d_0000003.jpg,model.23.m.0,73,unknown,small,irregular,LocalConvTransformer
0.0,0.0,0.5,1.0,0.5,0.0,dense,G:\Codes\Python\CFF\Yolo\datasets\VisDrone\images\val\0000072_02834_d_0000003.jpg,model.23.m.1,73,unknown,small,irregular,LocalConvTransformer
0.0,0.0,0.5,1.0,0.5,0.0,medium,G:\Codes\Python\CFF\Yolo\datasets\VisDrone\images\val\0000076_02142_d_0000009.jpg,model.14.m.0,11,unknown,small,regular,LocalConvTransformer
0.0,0.0,0.5,1.0,0.5,0.0,medium,G:\Codes\Python\CFF\Yolo\datasets\VisDrone\images\val\0000076_02142_d_0000009.jpg,model.14.m.1,11,unknown,small,regular,LocalConvTransformer
0.0,0.0,0.5,1.0,0.5,0.0,medium,G:\Codes\Python\CFF\Yolo\datasets\VisDrone\images\val\0000076_02142_d_0000009.jpg,model.20.m.0,11,unknown,small,regular,LocalConvTransformer
0.0,0.0,0.5,1.0,0.5,0.0,medium,G:\Codes\Python\CFF\Yolo\datasets\VisDrone\images\val\0000076_02142_d_0000009.jpg,model.20.m.1,11,unknown,small,regular,LocalConvTransformer
0.0,0.0,0.5,1.0,0.5,0.0,medium,G:\Codes\Python\CFF\Yolo\datasets\VisDrone\images\val\0000076_02142_d_0000009.jpg,model.23.m.0,11,unknown,small,regular,LocalConvTransformer
0.0,0.0,0.5,1.0,0.5,0.0,medium,G:\Codes\Python\CFF\Yolo\datasets\VisDrone\images\val\0000076_02142_d_0000009.jpg,model.23.m.1,11,unknown,small,regular,LocalConvTransformer
0.0,0.0,0.5,1.0,0.5,0.0,dense,G:\Codes\Python\CFF\Yolo\datasets\VisDrone\images\val\0000081_00000_d_0000001.jpg,model.14.m.0,86,unknown,small,irregular,LocalConvTransformer
0.0,0.0,0.5,1.0,0.5,0.0,dense,G:\Codes\Python\CFF\Yolo\datasets\VisDrone\images\val\0000081_00000_d_0000001.jpg,model.14.m.1,86,unknown,small,irregular,LocalConvTransformer
0.0,0.0,0.5,1.0,0.5,0.0,dense,G:\Codes\Python\CFF\Yolo\datasets\VisDrone\images\val\0000081_00000_d_0000001.jpg,model.20.m.0,86,unknown,small,irregular,LocalConvTransformer
0.0,0.0,0.5,1.0,0.5,0.0,dense,G:\Codes\Python\CFF\Yolo\datasets\VisDrone\images\val\0000081_00000_d_0000001.jpg,model.20.m.1,86,unknown,small,irregular,LocalConvTransformer
0.0,0.0,0.5,1.0,0.5,0.0,dense,G:\Codes\Python\CFF\Yolo\datasets\VisDrone\images\val\0000081_00000_d_0000001.jpg,model.23.m.0,86,unknown,small,irregular,LocalConvTransformer
0.0,0.0,0.5,1.0,0.5,0.0,dense,G:\Codes\Python\CFF\Yolo\datasets\VisDrone\images\val\0000081_00000_d_0000001.jpg,model.23.m.1,86,unknown,small,irregular,LocalConvTransformer
0.0,0.0,0.5,1.0,0.5,0.0,dense,G:\Codes\Python\CFF\Yolo\datasets\VisDrone\images\val\0000086_00000_d_0000001.jpg,model.14.m.0,37,unknown,small,irregular,LocalConvTransformer
0.0,0.0,0.5,1.0,0.5,0.0,dense,G:\Codes\Python\CFF\Yolo\datasets\VisDrone\images\val\0000086_00000_d_0000001.jpg,model.14.m.1,37,unknown,small,irregular,LocalConvTransformer
0.0,0.0,0.5,1.0,0.5,0.0,dense,G:\Codes\Python\CFF\Yolo\datasets\VisDrone\images\val\0000086_00000_d_0000001.jpg,model.20.m.0,37,unknown,small,irregular,LocalConvTransformer
0.0,0.0,0.5,1.0,0.5,0.0,dense,G:\Codes\Python\CFF\Yolo\datasets\VisDrone\images\val\0000086_00000_d_0000001.jpg,model.20.m.1,37,unknown,small,irregular,LocalConvTransformer
0.0,0.0,0.5,1.0,0.5,0.0,dense,G:\Codes\Python\CFF\Yolo\datasets\VisDrone\images\val\0000086_00000_d_0000001.jpg,model.23.m.0,37,unknown,small,irregular,LocalConvTransformer
0.0,0.0,0.5,1.0,0.5,0.0,dense,G:\Codes\Python\CFF\Yolo\datasets\VisDrone\images\val\0000086_00000_d_0000001.jpg,model.23.m.1,37,unknown,small,irregular,LocalConvTransformer
0.0,0.0,0.5,1.0,0.5,0.0,dense,G:\Codes\Python\CFF\Yolo\datasets\VisDrone\images\val\0000086_00592_d_0000002.jpg,model.14.m.0,65,unknown,small,irregular,LocalConvTransformer
0.0,0.0,0.5,1.0,0.5,0.0,dense,G:\Codes\Python\CFF\Yolo\datasets\VisDrone\images\val\0000086_00592_d_0000002.jpg,model.14.m.1,65,unknown,small,irregular,LocalConvTransformer
0.0,0.0,0.5,1.0,0.5,0.0,dense,G:\Codes\Python\CFF\Yolo\datasets\VisDrone\images\val\0000086_00592_d_0000002.jpg,model.20.m.0,65,unknown,small,irregular,LocalConvTransformer
0.0,0.0,0.5,1.0,0.5,0.0,dense,G:\Codes\Python\CFF\Yolo\datasets\VisDrone\images\val\0000086_00592_d_0000002.jpg,model.20.m.1,65,unknown,small,irregular,LocalConvTransformer
0.0,0.0,0.5,1.0,0.5,0.0,dense,G:\Codes\Python\CFF\Yolo\datasets\VisDrone\images\val\0000086_00592_d_0000002.jpg,model.23.m.0,65,unknown,small,irregular,LocalConvTransformer
0.0,0.0,0.5,1.0,0.5,0.0,dense,G:\Codes\Python\CFF\Yolo\datasets\VisDrone\images\val\0000086_00592_d_0000002.jpg,model.23.m.1,65,unknown,small,irregular,LocalConvTransformer
0.0,0.0,0.5,1.0,0.5,0.0,dense,G:\Codes\Python\CFF\Yolo\datasets\VisDrone\images\val\0000086_01084_d_0000003.jpg,model.14.m.0,146,unknown,small,irregular,LocalConvTransformer
0.0,0.0,0.5,1.0,0.5,0.0,dense,G:\Codes\Python\CFF\Yolo\datasets\VisDrone\images\val\0000086_01084_d_0000003.jpg,model.14.m.1,146,unknown,small,irregular,LocalConvTransformer
0.0,0.0,0.5,1.0,0.5,0.0,dense,G:\Codes\Python\CFF\Yolo\datasets\VisDrone\images\val\0000086_01084_d_0000003.jpg,model.20.m.0,146,unknown,small,irregular,LocalConvTransformer
0.0,0.0,0.5,1.0,0.5,0.0,dense,G:\Codes\Python\CFF\Yolo\datasets\VisDrone\images\val\0000086_01084_d_0000003.jpg,model.20.m.1,146,unknown,small,irregular,LocalConvTransformer
0.0,0.0,0.5,1.0,0.5,0.0,dense,G:\Codes\Python\CFF\Yolo\datasets\VisDrone\images\val\0000086_01084_d_0000003.jpg,model.23.m.0,146,unknown,small,irregular,LocalConvTransformer
0.0,0.0,0.5,1.0,0.5,0.0,dense,G:\Codes\Python\CFF\Yolo\datasets\VisDrone\images\val\0000086_01084_d_0000003.jpg,model.23.m.1,146,unknown,small,irregular,LocalConvTransformer
