epoch,time,train/box_loss,train/cls_loss,train/dfl_loss,metrics/precision(B),metrics/recall(B),metrics/mAP50(B),metrics/mAP50-95(B),val/box_loss,val/cls_loss,val/dfl_loss,lr/pg0,lr/pg1,lr/pg2,lr/pg3,lr/pg4,lr/pg5,lr/pg6,lr/pg7,lr/pg8,lr/pg9,lr/pg10,lr/pg11
1,618.554,5.59657,6.04912,4.30729,0,1e-05,0,0,5.8725,6.52226,4.24817,0.00998764,0.00332921,0.00998764,0.00332921,0.00998764,0.00332921,0.00998764,0.00332921,0.00499382,0.00166461,0.0199753,0.00665843
2,950.056,4.8135,4.83145,3.45512,0.01878,0.06299,0.0091,0.00246,3.35793,2.77549,1.83292,0.0199828,0.00666092,0.0199828,0.00666092,0.0199828,0.00666092,0.0199828,0.00666092,0.00999138,0.00333046,0.0399655,0.0133218
3,1264.28,2.7734,2.49813,1.48445,0.16581,0.11083,0.04146,0.01944,2.36284,2.14437,1.29612,0.0299583,0.00998612,0.0299583,0.00998612,0.0299583,0.00998612,0.0299583,0.00998612,0.0149792,0.00499306,0.0599167,0.0199722
4,1665.63,2.34188,2.05956,1.25055,0.23323,0.14338,0.0769,0.03643,2.11658,1.82301,1.15681,0.0299341,0.00997803,0.0299341,0.00997803,0.0299341,0.00997803,0.0299341,0.00997803,0.014967,0.00498902,0.0598682,0.0199561
5,2066.75,2.17738,1.8579,1.16974,0.26878,0.15555,0.09618,0.04589,2.00012,1.62411,1.11636,0.0298829,0.00996097,0.0298829,0.00996097,0.0298829,0.00996097,0.0298829,0.00996097,0.0149415,0.00498048,0.0597658,0.0199219
6,2461.82,2.05507,1.72239,1.12471,0.19807,0.18369,0.11395,0.05509,1.92253,1.55856,1.07793,0.0298172,0.00993906,0.0298172,0.00993906,0.0298172,0.00993906,0.0298172,0.00993906,0.0149086,0.00496953,0.0596343,0.0198781
7,2857.13,1.9861,1.63814,1.10112,0.21764,0.18681,0.1246,0.0612,1.87935,1.53017,1.05842,0.029737,0.00991232,0.029737,0.00991232,0.029737,0.00991232,0.029737,0.00991232,0.0148685,0.00495616,0.0594739,0.0198246
8,3253,1.92595,1.56349,1.08231,0.22131,0.21109,0.13862,0.0688,1.81582,1.45054,1.03841,0.0296424,0.00988079,0.0296424,0.00988079,0.0296424,0.00988079,0.0296424,0.00988079,0.0148212,0.00494039,0.0592847,0.0197616
9,3648.05,1.87321,1.50266,1.06378,0.28365,0.21315,0.13978,0.07226,1.79415,1.4419,1.03157,0.0295335,0.00984449,0.0295335,0.00984449,0.0295335,0.00984449,0.0295335,0.00984449,0.0147667,0.00492224,0.0590669,0.019689
10,4044.85,1.8578,1.47259,1.04803,0.24871,0.21955,0.15691,0.08203,1.74563,1.36764,1.01884,0.0294104,0.00980345,0.0294104,0.00980345,0.0294104,0.00980345,0.0294104,0.00980345,0.0147052,0.00490173,0.0588207,0.0196069
11,4439.42,1.85047,1.46601,1.04191,0.26239,0.22156,0.16418,0.08525,1.74124,1.34375,1.01259,0.0292732,0.00975773,0.0292732,0.00975773,0.0292732,0.00975773,0.0292732,0.00975773,0.0146366,0.00487886,0.0585464,0.0195155
12,4834.12,1.83548,1.44652,1.03025,0.24932,0.23895,0.16379,0.08413,1.73339,1.403,0.99978,0.0291221,0.00970736,0.0291221,0.00970736,0.0291221,0.00970736,0.0291221,0.00970736,0.014561,0.00485368,0.0582442,0.0194147
13,5228.01,1.80039,1.41251,1.02009,0.39475,0.24129,0.19044,0.10077,1.69096,1.31755,0.98961,0.0289572,0.00965239,0.0289572,0.00965239,0.0289572,0.00965239,0.0289572,0.00965239,0.0144786,0.0048262,0.0579144,0.0193048
14,5624.66,1.80056,1.4036,1.00993,0.30758,0.26263,0.2075,0.11064,1.66256,1.27644,0.98539,0.0287787,0.00959289,0.0287787,0.00959289,0.0287787,0.00959289,0.0287787,0.00959289,0.0143893,0.00479644,0.0575573,0.0191858
15,6018.55,1.77058,1.37648,1.00647,0.32594,0.25023,0.19653,0.10586,1.67847,1.29731,0.98147,0.0285867,0.00952889,0.0285867,0.00952889,0.0285867,0.00952889,0.0285867,0.00952889,0.0142933,0.00476445,0.0571734,0.0190578
16,6414,1.76159,1.36734,0.99998,0.31624,0.2516,0.2022,0.10802,1.65407,1.26802,0.97621,0.0283814,0.00946048,0.0283814,0.00946048,0.0283814,0.00946048,0.0283814,0.00946048,0.0141907,0.00473024,0.0567629,0.018921
17,6809.34,1.74213,1.33892,0.99424,0.32335,0.25585,0.20898,0.11159,1.62969,1.25738,0.97373,0.0281632,0.00938772,0.0281632,0.00938772,0.0281632,0.00938772,0.0281632,0.00938772,0.0140816,0.00469386,0.0563263,0.0187754
18,7203.09,1.72931,1.33053,0.99257,0.34233,0.26095,0.2195,0.1164,1.61273,1.22625,0.96529,0.027932,0.00931067,0.027932,0.00931067,0.027932,0.00931067,0.027932,0.00931067,0.013966,0.00465534,0.055864,0.0186213
19,7598.47,1.71702,1.31911,0.98626,0.3375,0.26642,0.21487,0.11475,1.61592,1.24429,0.96397,0.0276883,0.00922942,0.0276883,0.00922942,0.0276883,0.00922942,0.0276883,0.00922942,0.0138441,0.00461471,0.0553765,0.0184588
20,7992.61,1.71994,1.31054,0.98615,0.3419,0.27767,0.229,0.12356,1.59782,1.21255,0.96085,0.0274321,0.00914405,0.0274321,0.00914405,0.0274321,0.00914405,0.0274321,0.00914405,0.0137161,0.00457202,0.0548643,0.0182881
21,8385.83,1.70229,1.28573,0.98117,0.33717,0.28326,0.2313,0.12404,1.58922,1.18753,0.95936,0.0271639,0.00905463,0.0271639,0.00905463,0.0271639,0.00905463,0.0271639,0.00905463,0.013582,0.00452732,0.0543278,0.0181093
22,8778.47,1.68433,1.28127,0.97999,0.34218,0.27798,0.23069,0.12325,1.58618,1.18458,0.95937,0.0268838,0.00896127,0.0268838,0.00896127,0.0268838,0.00896127,0.0268838,0.00896127,0.0134419,0.00448063,0.0537676,0.0179225
23,9173.96,1.68448,1.27491,0.97618,0.33882,0.28347,0.23023,0.12471,1.57988,1.18808,0.95304,0.0265921,0.00886404,0.0265921,0.00886404,0.0265921,0.00886404,0.0265921,0.00886404,0.0132961,0.00443202,0.0531842,0.0177281
24,9572.64,1.6642,1.25604,0.97515,0.34374,0.28576,0.2349,0.12659,1.57564,1.18841,0.95128,0.0262891,0.00876305,0.0262891,0.00876305,0.0262891,0.00876305,0.0262891,0.00876305,0.0131446,0.00438152,0.0525783,0.0175261
25,9966.16,1.66607,1.25634,0.97182,0.36398,0.28871,0.24031,0.12974,1.57342,1.17946,0.95091,0.0259752,0.00865839,0.0259752,0.00865839,0.0259752,0.00865839,0.0259752,0.00865839,0.0129876,0.0043292,0.0519504,0.0173168
26,10362,1.66895,1.24853,0.96718,0.37573,0.28299,0.24272,0.13064,1.55851,1.17132,0.94674,0.0256505,0.00855018,0.0256505,0.00855018,0.0256505,0.00855018,0.0256505,0.00855018,0.0128253,0.00427509,0.0513011,0.0171004
27,10755.4,1.65611,1.23833,0.96505,0.3645,0.29,0.24219,0.13081,1.55119,1.15952,0.9461,0.0253155,0.00843851,0.0253155,0.00843851,0.0253155,0.00843851,0.0253155,0.00843851,0.0126578,0.00421925,0.050631,0.016877
28,11149.5,1.63844,1.22298,0.96368,0.35197,0.29433,0.24567,0.13433,1.55082,1.15749,0.94567,0.0249705,0.00832349,0.0249705,0.00832349,0.0249705,0.00832349,0.0249705,0.00832349,0.0124852,0.00416175,0.049941,0.016647
29,11544.2,1.64556,1.22356,0.96237,0.38644,0.29893,0.2561,0.13808,1.53822,1.14146,0.94303,0.0246157,0.00820525,0.0246157,0.00820525,0.0246157,0.00820525,0.0246157,0.00820525,0.0123079,0.00410262,0.0492315,0.0164105
30,11938.1,1.63604,1.21857,0.96275,0.35725,0.29171,0.24538,0.13343,1.53785,1.14541,0.94362,0.0242517,0.00808389,0.0242517,0.00808389,0.0242517,0.00808389,0.0242517,0.00808389,0.0121258,0.00404194,0.0485033,0.0161678
31,12330.7,1.64289,1.2128,0.96039,0.3508,0.29773,0.24624,0.1335,1.5341,1.1471,0.94242,0.0238786,0.00795954,0.0238786,0.00795954,0.0238786,0.00795954,0.0238786,0.00795954,0.0119393,0.00397977,0.0477572,0.0159191
32,12726.3,1.62905,1.20342,0.95932,0.37155,0.30392,0.25344,0.13838,1.52871,1.13928,0.93696,0.0234969,0.00783231,0.0234969,0.00783231,0.0234969,0.00783231,0.0234969,0.00783231,0.0117485,0.00391616,0.0469939,0.0156646
33,13130.4,1.63496,1.1989,0.95497,0.3708,0.30052,0.25403,0.13936,1.52869,1.12898,0.93835,0.023107,0.00770234,0.023107,0.00770234,0.023107,0.00770234,0.023107,0.00770234,0.0115535,0.00385117,0.0462141,0.0154047
34,13524.8,1.62228,1.19274,0.95584,0.37634,0.30019,0.25781,0.14039,1.52046,1.12677,0.9403,0.0227093,0.00756976,0.0227093,0.00756976,0.0227093,0.00756976,0.0227093,0.00756976,0.0113546,0.00378488,0.0454185,0.0151395
35,13919.7,1.60678,1.18703,0.95539,0.37939,0.30379,0.26116,0.14168,1.51221,1.11438,0.93572,0.022304,0.00743468,0.022304,0.00743468,0.022304,0.00743468,0.022304,0.00743468,0.011152,0.00371734,0.0446081,0.0148694
36,14314.1,1.60168,1.1823,0.95421,0.37744,0.30348,0.26286,0.1434,1.50216,1.10895,0.9333,0.0218918,0.00729725,0.0218918,0.00729725,0.0218918,0.00729725,0.0218918,0.00729725,0.0109459,0.00364863,0.0437835,0.0145945
37,14707.6,1.59645,1.17186,0.95074,0.37216,0.30742,0.26427,0.14487,1.50627,1.10996,0.93178,0.0214728,0.00715761,0.0214728,0.00715761,0.0214728,0.00715761,0.0214728,0.00715761,0.0107364,0.0035788,0.0429456,0.0143152
38,15101.8,1.5975,1.16778,0.94894,0.37723,0.31574,0.26381,0.14482,1.50808,1.10663,0.93417,0.0210476,0.00701588,0.0210476,0.00701588,0.0210476,0.00701588,0.0210476,0.00701588,0.0105238,0.00350794,0.0420953,0.0140318
39,15494.5,1.59242,1.1672,0.95069,0.37989,0.30834,0.26952,0.14789,1.49375,1.10115,0.93097,0.0206166,0.00687222,0.0206166,0.00687222,0.0206166,0.00687222,0.0206166,0.00687222,0.0103083,0.00343611,0.0412333,0.0137444
40,15888.4,1.58583,1.16178,0.94927,0.37451,0.3087,0.26589,0.14574,1.49283,1.10022,0.9294,0.0201803,0.00672675,0.0201803,0.00672675,0.0201803,0.00672675,0.0201803,0.00672675,0.0100901,0.00336338,0.0403605,0.0134535
41,16283.3,1.57914,1.15076,0.94623,0.37464,0.31509,0.26751,0.14814,1.49173,1.09577,0.92929,0.0197389,0.00657963,0.0197389,0.00657963,0.0197389,0.00657963,0.0197389,0.00657963,0.00986945,0.00328982,0.0394778,0.0131593
42,16676.2,1.58136,1.15435,0.9456,0.37663,0.31737,0.2689,0.14839,1.48559,1.09124,0.92895,0.019293,0.00643101,0.019293,0.00643101,0.019293,0.00643101,0.019293,0.00643101,0.00964651,0.0032155,0.038586,0.012862
43,17068.3,1.58508,1.15154,0.94231,0.385,0.30969,0.27137,0.15065,1.49088,1.09031,0.92789,0.018843,0.00628101,0.018843,0.00628101,0.018843,0.00628101,0.018843,0.00628101,0.00942152,0.00314051,0.0376861,0.012562
44,17462.5,1.57123,1.14068,0.94311,0.39389,0.31259,0.27246,0.15068,1.48227,1.08205,0.92768,0.0183894,0.00612981,0.0183894,0.00612981,0.0183894,0.00612981,0.0183894,0.00612981,0.00919471,0.0030649,0.0367789,0.0122596
45,17856.1,1.561,1.13088,0.94046,0.38824,0.31216,0.27264,0.15165,1.48024,1.08123,0.92726,0.0179326,0.00597754,0.0179326,0.00597754,0.0179326,0.00597754,0.0179326,0.00597754,0.00896631,0.00298877,0.0358652,0.0119551
46,18248.3,1.56356,1.13117,0.93999,0.38701,0.31469,0.27361,0.15232,1.47994,1.08785,0.9259,0.0174731,0.00582435,0.0174731,0.00582435,0.0174731,0.00582435,0.0174731,0.00582435,0.00873653,0.00291218,0.0349461,0.0116487
47,18641.9,1.56137,1.13077,0.94066,0.39364,0.31592,0.2737,0.15269,1.4761,1.0767,0.92531,0.0170112,0.0056704,0.0170112,0.0056704,0.0170112,0.0056704,0.0170112,0.0056704,0.0085056,0.0028352,0.0340224,0.0113408
48,19036.5,1.56697,1.12789,0.9387,0.40434,0.3193,0.27977,0.15574,1.47459,1.07161,0.92429,0.0165475,0.00551584,0.0165475,0.00551584,0.0165475,0.00551584,0.0165475,0.00551584,0.00827375,0.00275792,0.033095,0.0110317
49,19429.8,1.54691,1.11398,0.93922,0.39134,0.32891,0.28001,0.15618,1.46873,1.07136,0.92221,0.0160824,0.00536081,0.0160824,0.00536081,0.0160824,0.00536081,0.0160824,0.00536081,0.00804122,0.00268041,0.0321649,0.0107216
50,19825.2,1.54894,1.11463,0.93735,0.39328,0.31977,0.27959,0.15537,1.47128,1.06664,0.92358,0.0156164,0.00520548,0.0156164,0.00520548,0.0156164,0.00520548,0.0156164,0.00520548,0.00780822,0.00260274,0.0312329,0.010411
51,20226.9,1.55153,1.11983,0.93735,0.39713,0.31696,0.27764,0.15533,1.46902,1.07383,0.92087,0.01515,0.00505,0.01515,0.00505,0.01515,0.00505,0.01515,0.00505,0.007575,0.002525,0.0303,0.0101
52,20621.1,1.55558,1.11558,0.93697,0.39337,0.32026,0.27725,0.15511,1.46482,1.07212,0.92024,0.0146836,0.00489452,0.0146836,0.00489452,0.0146836,0.00489452,0.0146836,0.00489452,0.00734178,0.00244726,0.0293671,0.00978903
53,21016.7,1.54073,1.10276,0.93518,0.40084,0.31431,0.27853,0.156,1.46141,1.06689,0.92028,0.0142176,0.00473919,0.0142176,0.00473919,0.0142176,0.00473919,0.0142176,0.00473919,0.00710878,0.00236959,0.0284351,0.00947837
54,21412.5,1.53839,1.10543,0.93429,0.40471,0.31467,0.27932,0.15635,1.46621,1.0646,0.9208,0.0137525,0.00458416,0.0137525,0.00458416,0.0137525,0.00458416,0.0137525,0.00458416,0.00687625,0.00229208,0.027505,0.00916833
55,21807.3,1.53478,1.09688,0.93187,0.39258,0.32179,0.28118,0.15694,1.46023,1.06332,0.91863,0.0132888,0.0044296,0.0132888,0.0044296,0.0132888,0.0044296,0.0132888,0.0044296,0.0066444,0.0022148,0.0265776,0.0088592
56,22202.6,1.54062,1.09619,0.93193,0.39617,0.32706,0.2835,0.15845,1.45945,1.05916,0.91895,0.0128269,0.00427565,0.0128269,0.00427565,0.0128269,0.00427565,0.0128269,0.00427565,0.00641347,0.00213782,0.0256539,0.0085513
57,22597.1,1.53012,1.09153,0.93208,0.40381,0.31808,0.28266,0.15767,1.46102,1.05845,0.91849,0.0123674,0.00412246,0.0123674,0.00412246,0.0123674,0.00412246,0.0123674,0.00412246,0.00618369,0.00206123,0.0247348,0.00824492
58,22990.9,1.52991,1.08449,0.93004,0.40033,0.32416,0.2837,0.15881,1.45558,1.05514,0.91689,0.0119106,0.00397019,0.0119106,0.00397019,0.0119106,0.00397019,0.0119106,0.00397019,0.00595529,0.0019851,0.0238211,0.00794038
59,23386.9,1.52449,1.08694,0.93046,0.40979,0.32241,0.28583,0.15977,1.45044,1.04899,0.91727,0.011457,0.00381899,0.011457,0.00381899,0.011457,0.00381899,0.011457,0.00381899,0.00572848,0.00190949,0.0229139,0.00763797
60,23784.4,1.51853,1.08083,0.92845,0.40963,0.32377,0.28608,0.15983,1.45438,1.05326,0.91687,0.011007,0.00366899,0.011007,0.00366899,0.011007,0.00366899,0.011007,0.00366899,0.00550349,0.0018345,0.022014,0.00733799
61,24179.7,1.51751,1.07567,0.92955,0.40222,0.325,0.28579,0.16042,1.45098,1.0515,0.91603,0.0105611,0.00352037,0.0105611,0.00352037,0.0105611,0.00352037,0.0105611,0.00352037,0.00528055,0.00176018,0.0211222,0.00704073
62,24575.7,1.5113,1.0691,0.92821,0.40577,0.32547,0.28476,0.15907,1.45202,1.04901,0.91633,0.0101197,0.00337325,0.0101197,0.00337325,0.0101197,0.00337325,0.0101197,0.00337325,0.00505987,0.00168662,0.0202395,0.00674649
63,24972.5,1.51881,1.07231,0.92782,0.39881,0.32842,0.28593,0.16005,1.44893,1.04758,0.91557,0.00968335,0.00322778,0.00968335,0.00322778,0.00968335,0.00322778,0.00968335,0.00322778,0.00484168,0.00161389,0.0193667,0.00645557
64,25368.2,1.51283,1.06765,0.92654,0.40353,0.32874,0.28896,0.16133,1.44471,1.04233,0.9152,0.00925235,0.00308412,0.00925235,0.00308412,0.00925235,0.00308412,0.00925235,0.00308412,0.00462618,0.00154206,0.0185047,0.00616824
65,25762.7,1.50758,1.06597,0.92672,0.40456,0.32846,0.28725,0.16006,1.44473,1.04621,0.91489,0.00882718,0.00294239,0.00882718,0.00294239,0.00882718,0.00294239,0.00882718,0.00294239,0.00441359,0.0014712,0.0176544,0.00588479
66,26159.5,1.51309,1.06608,0.92478,0.40283,0.32683,0.28706,0.16053,1.4464,1.04459,0.91424,0.00840824,0.00280275,0.00840824,0.00280275,0.00840824,0.00280275,0.00840824,0.00280275,0.00420412,0.00140137,0.0168165,0.00560549
67,26555.1,1.50394,1.05644,0.92381,0.40751,0.32977,0.29024,0.1631,1.44176,1.04067,0.91354,0.00799596,0.00266532,0.00799596,0.00266532,0.00799596,0.00266532,0.00799596,0.00266532,0.00399798,0.00133266,0.0159919,0.00533064
68,26952.7,1.49894,1.05525,0.9258,0.398,0.33291,0.29051,0.16249,1.44309,1.03959,0.91464,0.00759073,0.00253024,0.00759073,0.00253024,0.00759073,0.00253024,0.00759073,0.00253024,0.00379537,0.00126512,0.0151815,0.00506049
69,27351.7,1.49445,1.04759,0.92432,0.40491,0.33249,0.28937,0.1619,1.4406,1.04009,0.91373,0.00719297,0.00239766,0.00719297,0.00239766,0.00719297,0.00239766,0.00719297,0.00239766,0.00359649,0.00119883,0.0143859,0.00479531
70,27750,1.48815,1.04031,0.92007,0.41195,0.32884,0.2896,0.16175,1.44364,1.03903,0.91406,0.00680306,0.00226769,0.00680306,0.00226769,0.00680306,0.00226769,0.00680306,0.00226769,0.00340153,0.00113384,0.0136061,0.00453537
71,28148.9,1.49485,1.04397,0.92278,0.40842,0.3282,0.28897,0.16137,1.44148,1.04112,0.91306,0.00642139,0.00214046,0.00642139,0.00214046,0.00642139,0.00214046,0.00642139,0.00214046,0.00321069,0.00107023,0.0128428,0.00428093
72,28548.8,1.48688,1.04029,0.91997,0.41674,0.32525,0.29132,0.16349,1.4399,1.03985,0.91356,0.00604833,0.00201611,0.00604833,0.00201611,0.00604833,0.00201611,0.00604833,0.00201611,0.00302417,0.00100806,0.0120967,0.00403222
73,28946.9,1.48967,1.04163,0.91981,0.40957,0.3254,0.29104,0.16243,1.43999,1.03765,0.91328,0.00568425,0.00189475,0.00568425,0.00189475,0.00568425,0.00189475,0.00568425,0.00189475,0.00284213,0.000947376,0.0113685,0.0037895
74,29346.2,1.48267,1.03685,0.91858,0.41007,0.32953,0.29076,0.16261,1.43957,1.03731,0.91304,0.00532952,0.00177651,0.00532952,0.00177651,0.00532952,0.00177651,0.00532952,0.00177651,0.00266476,0.000888253,0.010659,0.00355301
75,29745,1.48548,1.03741,0.91967,0.41264,0.32852,0.29108,0.16218,1.43865,1.03814,0.91267,0.00498448,0.00166149,0.00498448,0.00166149,0.00498448,0.00166149,0.00498448,0.00166149,0.00249224,0.000830746,0.00996895,0.00332298
76,30143,1.49239,1.04134,0.91974,0.40794,0.33146,0.29253,0.163,1.43696,1.03646,0.91252,0.00464946,0.00154982,0.00464946,0.00154982,0.00464946,0.00154982,0.00464946,0.00154982,0.00232473,0.000774911,0.00929893,0.00309964
77,30542.9,1.4887,1.03454,0.91644,0.41043,0.32682,0.28997,0.16283,1.43721,1.03856,0.91238,0.00432482,0.00144161,0.00432482,0.00144161,0.00432482,0.00144161,0.00432482,0.00144161,0.00216241,0.000720803,0.00864963,0.00288321
78,30947.8,1.47431,1.02776,0.91702,0.41173,0.3316,0.2926,0.16278,1.43727,1.0345,0.91241,0.00401085,0.00133695,0.00401085,0.00133695,0.00401085,0.00133695,0.00401085,0.00133695,0.00200543,0.000668475,0.0080217,0.0026739
79,31349.9,1.47294,1.02111,0.91805,0.40057,0.33919,0.29284,0.16315,1.43778,1.03613,0.91243,0.00370788,0.00123596,0.00370788,0.00123596,0.00370788,0.00123596,0.00370788,0.00123596,0.00185394,0.00061798,0.00741576,0.00247192
80,31748.3,1.46921,1.02206,0.91643,0.40972,0.33417,0.29341,0.16358,1.43662,1.03523,0.91208,0.0034162,0.00113873,0.0034162,0.00113873,0.0034162,0.00113873,0.0034162,0.00113873,0.0017081,0.000569366,0.0068324,0.00227747
81,32149,1.47415,1.02625,0.91716,0.40725,0.33325,0.29307,0.16381,1.43608,1.03383,0.91248,0.0031361,0.00104537,0.0031361,0.00104537,0.0031361,0.00104537,0.0031361,0.00104537,0.00156805,0.000522683,0.0062722,0.00209073
82,32548.2,1.47746,1.02469,0.91633,0.41049,0.33357,0.29399,0.16388,1.43568,1.03307,0.91193,0.00286785,0.000955951,0.00286785,0.000955951,0.00286785,0.000955951,0.00286785,0.000955951,0.00143393,0.000477976,0.00573571,0.0019119
83,32946.8,1.46957,1.01866,0.91686,0.41044,0.33303,0.29459,0.16469,1.43381,1.03285,0.91116,0.00261173,0.000870577,0.00261173,0.000870577,0.00261173,0.000870577,0.00261173,0.000870577,0.00130587,0.000435288,0.00522346,0.00174115
84,33347.3,1.46503,1.01533,0.91676,0.40517,0.33354,0.29279,0.16325,1.43763,1.03489,0.9118,0.00236798,0.000789327,0.00236798,0.000789327,0.00236798,0.000789327,0.00236798,0.000789327,0.00118399,0.000394663,0.00473596,0.00157865
85,33746.1,1.47693,1.02126,0.9141,0.41201,0.33444,0.29412,0.16452,1.43678,1.03367,0.9116,0.00213685,0.000712282,0.00213685,0.000712282,0.00213685,0.000712282,0.00213685,0.000712282,0.00106842,0.000356141,0.00427369,0.00142456
86,34144.7,1.46184,1.0072,0.91315,0.40721,0.33556,0.29435,0.16418,1.43558,1.03362,0.91136,0.00191855,0.000639518,0.00191855,0.000639518,0.00191855,0.000639518,0.00191855,0.000639518,0.000959277,0.000319759,0.00383711,0.00127904
87,34545.8,1.46307,1.01104,0.91462,0.40992,0.33453,0.29293,0.16408,1.4364,1.03344,0.91164,0.00171332,0.000571106,0.00171332,0.000571106,0.00171332,0.000571106,0.00171332,0.000571106,0.000856659,0.000285553,0.00342664,0.00114221
88,34947.5,1.45375,1.0034,0.91241,0.41378,0.33235,0.29241,0.16386,1.43848,1.03448,0.91222,0.00152134,0.000507115,0.00152134,0.000507115,0.00152134,0.000507115,0.00152134,0.000507115,0.000760672,0.000253557,0.00304269,0.00101423
89,35346.6,1.46007,1.00579,0.91516,0.40967,0.33496,0.29277,0.16389,1.43773,1.03462,0.91205,0.00134282,0.000447606,0.00134282,0.000447606,0.00134282,0.000447606,0.00134282,0.000447606,0.00067141,0.000223803,0.00268564,0.000895213
90,35749.4,1.46697,1.01124,0.91581,0.4139,0.33318,0.29349,0.16456,1.4374,1.03291,0.91202,0.00117792,0.00039264,0.00117792,0.00039264,0.00117792,0.00039264,0.00117792,0.00039264,0.00058896,0.00019632,0.00235584,0.00078528
91,36160.9,1.42765,0.98946,0.91846,0.40746,0.32557,0.28568,0.15964,1.45841,1.09128,0.91772,0.00102681,0.00034227,0.00102681,0.00034227,0.00102681,0.00034227,0.00102681,0.00034227,0.000513405,0.000171135,0.00205362,0.00068454
92,36463.4,1.41185,0.97374,0.91711,0.40923,0.31126,0.27377,0.15251,1.49113,1.16744,0.92605,0.000889639,0.000296546,0.000889639,0.000296546,0.000889639,0.000296546,0.000889639,0.000296546,0.000444819,0.000148273,0.00177928,0.000593093
93,36738.8,1.40931,0.96838,0.91578,0.40927,0.31076,0.27232,0.15153,1.49523,1.16693,0.92682,0.00076654,0.000255513,0.00076654,0.000255513,0.00076654,0.000255513,0.00076654,0.000255513,0.00038327,0.000127757,0.00153308,0.000511027
94,37013.3,1.40889,0.96769,0.91612,0.40942,0.30955,0.27223,0.15084,1.49549,1.16533,0.92653,0.000657636,0.000219212,0.000657636,0.000219212,0.000657636,0.000219212,0.000657636,0.000219212,0.000328818,0.000109606,0.00131527,0.000438424
95,37286.1,1.40102,0.96329,0.91531,0.40914,0.31128,0.27286,0.15143,1.49593,1.16706,0.92697,0.000563034,0.000187678,0.000563034,0.000187678,0.000563034,0.000187678,0.000563034,0.000187678,0.000281517,9.38391e-05,0.00112607,0.000375356
96,37603,1.40481,0.96353,0.9161,0.40473,0.30983,0.26949,0.14991,1.50264,1.18121,0.92881,0.000482828,0.000160943,0.000482828,0.000160943,0.000482828,0.000160943,0.000482828,0.000160943,0.000241414,8.04714e-05,0.000965656,0.000321885
97,38002.9,1.41033,0.96418,0.91422,0.40574,0.31058,0.27083,0.15048,1.49768,1.17135,0.92731,0.000417097,0.000139032,0.000417097,0.000139032,0.000417097,0.000139032,0.000417097,0.000139032,0.000208548,6.95161e-05,0.000834193,0.000278064
98,38398.7,1.40611,0.96274,0.91613,0.40657,0.31089,0.27269,0.15162,1.49546,1.1663,0.92638,0.000365905,0.000121968,0.000365905,0.000121968,0.000365905,0.000121968,0.000365905,0.000121968,0.000182952,6.09841e-05,0.00073181,0.000243937
99,38792.7,1.40623,0.9608,0.91344,0.40445,0.3134,0.27264,0.15139,1.49518,1.16574,0.92625,0.000329303,0.000109768,0.000329303,0.000109768,0.000329303,0.000109768,0.000329303,0.000109768,0.000164652,5.48838e-05,0.000658606,0.000219535
100,39188.9,1.40021,0.95803,0.91391,0.40557,0.31337,0.27299,0.15162,1.49504,1.16316,0.92632,0.000307328,0.000102443,0.000307328,0.000102443,0.000307328,0.000102443,0.000307328,0.000102443,0.000153664,5.12213e-05,0.000614655,0.000204885
